"City of Malden","OFFPEAK",1176,-644.798,-1340.482,-695.684
"City of Malden","OFFPEAK",1176,-959.882,-1340.482,-380.6
"City of Malden","OFFPEAK",1176,-663.021,-1096.758,-433.737
"City of Malden","ONPEAK",1008,-143.213,255.773,398.986
"City of Malden","ONPEAK",1008,11.7,328.851,317.151
"City of Malden","ONPEAK",1008,28.296,328.851,300.555
"BJ Energy","OFFPEAK",424,1130.598,1655.262,524.664
"BJ Energy","OFFPEAK",424,3483.06,415.77,-3067.29
"BJ Energy","OFFPEAK",424,-297.15,-103.41,193.74
"BJ Energy","OFFPEAK",424,1340.844,-57.477997,-1398.322
"BJ Energy","OFFPEAK",424,413.308,1081.642,668.334
"BJ Energy","OFFPEAK",424,195.888,935.053,739.165
"BJ Energy","OFFPEAK",424,1540.32,567.66,-972.66003
"BJ Energy","OFFPEAK",424,3708.607,3126.084,-582.523
"BJ Energy","OFFPEAK",424,657.15,2429.95,1772.8
"BJ Energy","OFFPEAK",424,1611.18,3198.86,1587.68
"BJ Energy","OFFPEAK",424,-990.808,155.708,1146.516
"BJ Energy","OFFPEAK",424,631.708,1680.308,1048.6
"BJ Energy","OFFPEAK",424,-571.5,26.309998,597.81
"BJ Energy","OFFPEAK",424,3010.4,2275.04,-735.36
"BJ Energy","OFFPEAK",424,2049.53,-6.498002,-2056.028
"BJ Energy","OFFPEAK",424,577.541,76.585,-500.956
"BJ Energy","OFFPEAK",424,31.89,-108.72,-140.61
"BJ Energy","OFFPEAK",424,10896.72,8623.68,-2273.04
"BJ Energy","OFFPEAK",424,736.33,-248.436,-984.766
"BJ Energy","OFFPEAK",424,254.4,113.26,-141.14
"BJ Energy","OFFPEAK",424,1088.145,548.73,-539.415
"BJ Energy","OFFPEAK",424,1041.72,-162.36002,-1204.08
"BJ Energy","OFFPEAK",424,1677.91,3322.93,1645.02
"BJ Energy","OFFPEAK",424,387.21,766.83,379.62
"BJ Energy","OFFPEAK",424,5889.015,2831.67,-3057.345
"BJ Energy","OFFPEAK",424,1447.26,1221.72,-225.54
"BJ Energy","OFFPEAK",424,3485.36,554.36,-2931.0
"BJ Energy","OFFPEAK",424,0.8,-0.3000224,-1.1000224
"BJ Energy","OFFPEAK",424,590.562,55.986,-534.576
"BJ Energy","OFFPEAK",424,789.754,583.984,-205.77
"BJ Energy","OFFPEAK",424,582.12,419.538,-162.582
"BJ Energy","OFFPEAK",424,1216.12,2.9199948,-1213.2
"BJ Energy","OFFPEAK",424,33.825,37.125,3.299999
"BJ Energy","OFFPEAK",424,255.1,-75.10002,-330.2
"BJ Energy","OFFPEAK",424,1466.752,2088.688,621.93604
"BJ Energy","OFFPEAK",424,988.28,1388.328,400.048
"BJ Energy","OFFPEAK",424,-192.19,-1404.93,-1212.74
"BJ Energy","OFFPEAK",424,-181.5,-591.78,-410.28
"BJ Energy","OFFPEAK",424,17.2,-160.5,-177.70001
"BJ Energy","OFFPEAK",424,23.34,-94.240005,-117.58
"BJ Energy","OFFPEAK",424,-650.016,696.672,1346.688
"BJ Energy","OFFPEAK",424,71.18,221.06,149.88
"BJ Energy","OFFPEAK",424,1226.64,305.58002,-921.06
"BJ Energy","OFFPEAK",424,351.68,461.91998,110.23998
"BJ Energy","OFFPEAK",424,1354.776,745.256,-609.52
"BJ Energy","OFFPEAK",424,373.12,164.23999,-208.88
"BJ Energy","OFFPEAK",424,373.2,1381.02,1007.82
"BJ Energy","OFFPEAK",424,419.79,587.19,167.40001
"BJ Energy","OFFPEAK",424,84.24,151.0,66.76
"BJ Energy","OFFPEAK",424,619.884,440.02798,-179.856
"BJ Energy","OFFPEAK",424,708.5,2655.44,1946.9401
"BJ Energy","OFFPEAK",424,1130.753,1257.321,126.568
"BJ Energy","OFFPEAK",424,91.28,-11.759996,-103.03999
"BJ Energy","OFFPEAK",424,572.4,297.582,-274.818
"BJ Energy","OFFPEAK",424,89.8,-31.220001,-121.020004
"BJ Energy","OFFPEAK",424,942.66,104.40001,-838.26
"BJ Energy","OFFPEAK",424,53.76,-34.280003,-88.04
"BJ Energy","OFFPEAK",424,230.9,-39.399986,-270.3
"BJ Energy","OFFPEAK",424,74.545,5.848002,-68.697
"BJ Energy","OFFPEAK",424,92.82,15.720012,-77.09999
"BJ Energy","OFFPEAK",424,248.7,3610.14,3361.44
"BJ Energy","OFFPEAK",424,-1049.7,4.799994,1054.5
"BJ Energy","OFFPEAK",1176,1241.36,313.72,-927.64
"BJ Energy","OFFPEAK",1176,-181.44,390.92,572.36
"BJ Energy","OFFPEAK",1176,1966.36,-1371.8,-3338.16
"BJ Energy","OFFPEAK",1176,544.11,-2057.7,-2601.81
"BJ Energy","OFFPEAK",1176,999.45,-3429.5,-4428.95
"BJ Energy","OFFPEAK",1176,362.74,-1371.8,-1734.54
"BJ Energy","OFFPEAK",1176,3264.66,-12346.2,-15610.86
"BJ Energy","OFFPEAK",1176,999.45,-3429.5,-4428.95
"BJ Energy","OFFPEAK",1176,999.45,-3429.5,-4428.95
"BJ Energy","OFFPEAK",1176,1995.07,-7544.9,-9539.97
"BJ Energy","OFFPEAK",1176,3394.38,8505.6,5111.22
"BJ Energy","OFFPEAK",1176,-1407.0,-1712.46,-305.45996
"BJ Energy","OFFPEAK",1176,0.04,-84.0,-84.03999
"BJ Energy","OFFPEAK",1176,448.542,59.247,-389.295
"BJ Energy","OFFPEAK",1176,118.104,-99.95999,-218.064
"BJ Energy","OFFPEAK",1176,209.835,-127.845,-337.68
"BJ Energy","OFFPEAK",1176,115.884,-155.964,-271.848
"BJ Energy","OFFPEAK",1176,517.032,1062.3,545.268
"BJ Energy","OFFPEAK",1176,3052.185,1722.9451,-1329.24
"BJ Energy","OFFPEAK",1176,-253.793,1486.174,1739.967
"BJ Energy","OFFPEAK",1176,-4.6,74.90001,79.50001
"BJ Energy","OFFPEAK",1176,10.59,-272.16,-282.75
"BJ Energy","OFFPEAK",1176,-189.9,0.0,189.9
"BJ Energy","OFFPEAK",1176,-1206.12,1269.96,2476.08
"BJ Energy","OFFPEAK",1176,-14.84,531.76,546.60004
"BJ Energy","OFFPEAK",1176,100.0,-355.68,-455.68
"BJ Energy","OFFPEAK",1176,0.065,-4799.535,-4799.6
"BJ Energy","OFFPEAK",1176,0.015,-910.35,-910.365
"BJ Energy","OFFPEAK",1176,-313.29,-2263.71,-1950.42
"BJ Energy","OFFPEAK",1176,-17.493,-7.462001,10.030999
"BJ Energy","OFFPEAK",1176,-282.81,-31.980005,250.83
"BJ Energy","OFFPEAK",1176,-159.8,9640.76,9800.56
"BJ Energy","OFFPEAK",1176,1663.24,-48800.76,-50464.0
"BJ Energy","OFFPEAK",1176,232.479,305.055,72.576
"BJ Energy","OFFPEAK",1176,0.08,3.8399892,3.759989
"BJ Energy","OFFPEAK",1176,459.66,-386.22,-845.88
"BJ Energy","OFFPEAK",1176,787.488,-804.154,-1591.642
"BJ Energy","OFFPEAK",1176,678.81,-734.76,-1413.57
"BJ Energy","OFFPEAK",1176,326.142,671.304,345.162
"BJ Energy","OFFPEAK",1176,2820.906,1143.208,-1677.698
"BJ Energy","OFFPEAK",1176,1285.284,518.42,-766.864
"BJ Energy","OFFPEAK",1176,3016.352,1184.96,-1831.392
"BJ Energy","OFFPEAK",1176,2559.0,3108.2,549.2
"BJ Energy","OFFPEAK",1176,2334.68,-60.719997,-2395.4
"BJ Energy","OFFPEAK",1176,1619.32,284.41998,-1334.9
"BJ Energy","OFFPEAK",1176,1619.32,284.41998,-1334.9
"BJ Energy","OFFPEAK",1176,1764.0,782.66003,-981.33997
"BJ Energy","OFFPEAK",1176,4731.24,1867.5,-2863.74
"BJ Energy","OFFPEAK",1176,-2196.3,-191.70001,2004.6
"BJ Energy","OFFPEAK",1176,2080.12,882.098,-1198.022
"BJ Energy","OFFPEAK",1176,244.965,-1066.185,-1311.15
"BJ Energy","OFFPEAK",1176,616.308,1833.018,1216.71
"BJ Energy","OFFPEAK",1176,6953.472,4244.256,-2709.216
"BJ Energy","OFFPEAK",1176,2347.584,-812.448,-3160.032
"BJ Energy","OFFPEAK",1176,2240.901,1384.188,-856.713
"BJ Energy","OFFPEAK",1176,436.68,-2709.801,-3146.481
"BJ Energy","OFFPEAK",1176,707.976,243.544,-464.432
"BJ Energy","OFFPEAK",1176,2438.924,-26.084984,-2465.009
"BJ Energy","OFFPEAK",1176,9747.48,1469.376,-8278.1045
"BJ Energy","OFFPEAK",1176,4586.8,638.88,-3947.92
"BJ Energy","OFFPEAK",1176,1133.341,216.601,-916.74
"BJ Energy","OFFPEAK",1176,780.57,997.02,216.45
"BJ Energy","OFFPEAK",1176,9103.935,2903.865,-6200.07
"BJ Energy","OFFPEAK",1176,2445.443,1464.639,-980.804
"BJ Energy","OFFPEAK",1176,809.24,516.40497,-292.835
"BJ Energy","OFFPEAK",1176,1665.105,2184.312,519.207
"BJ Energy","OFFPEAK",1176,418.656,280.104,-138.552
"BJ Energy","OFFPEAK",1176,0.0,0.0,0.0
"BJ Energy","OFFPEAK",1176,30345.504,34310.977,3965.472
"BJ Energy","OFFPEAK",1176,1244.88,1296.764,51.883995
"BJ Energy","OFFPEAK",1176,1058.412,1111.512,53.1
"BJ Energy","OFFPEAK",1176,7660.11,7513.2,-146.90999
"BJ Energy","OFFPEAK",1176,7608.79,20624.87,13016.08
"BJ Energy","OFFPEAK",1176,0.0,0.0,0.0
"BJ Energy","OFFPEAK",1176,3663.04,3478.08,-184.95999
"BJ Energy","OFFPEAK",1176,5609.079,1707.699,-3901.38
"BJ Energy","OFFPEAK",1176,715.057,336.0,-379.057
"BJ Energy","OFFPEAK",1176,1296.148,-535.33,-1831.478
"BJ Energy","OFFPEAK",1176,763.88,-314.9,-1078.78
"BJ Energy","OFFPEAK",1176,298.06,-255.91998,-553.98
"BJ Energy","OFFPEAK",1176,682.845,16994.926,16312.08
"BJ Energy","OFFPEAK",1176,1811.145,17316.586,15505.44
"BJ Energy","OFFPEAK",1176,1473.528,15898.246,14424.718
"BJ Energy","OFFPEAK",1176,2243.311,22133.424,19890.111
"BJ Energy","OFFPEAK",1176,4227.146,16613.758,12386.612
"BJ Energy","OFFPEAK",1176,19783.84,-12107.68,-31891.52
"BJ Energy","OFFPEAK",1176,2227.2,-7996.56,-10223.76
"BJ Energy","OFFPEAK",1176,473.27,-1197.14,-1670.41
"BJ Energy","OFFPEAK",1176,1057.0,520.88,-536.12
"BJ Energy","OFFPEAK",1176,2939.352,-191.73601,-3131.088
"BJ Energy","OFFPEAK",1176,213.09,1706.445,1493.355
"BJ Energy","OFFPEAK",1176,1594.98,10319.706,8724.726
"BJ Energy","OFFPEAK",1176,6107.58,12876.06,6768.48
"BJ Energy","OFFPEAK",1176,-3699.0,15420.6,19119.6
"BJ Energy","OFFPEAK",1176,3278.57,21212.729,17934.158
"BJ Energy","OFFPEAK",1176,213.09,1706.445,1493.355
"BJ Energy","OFFPEAK",1176,1333.09,655.292,-677.798
"BJ Energy","OFFPEAK",1176,626.945,599.247,-27.697998
"BJ Energy","OFFPEAK",1176,1656.72,-138.056,-1794.776
"BJ Energy","OFFPEAK",1176,-1470.0,-3726.9,-2256.9
"BJ Energy","OFFPEAK",1176,1626.288,1255.79,-370.49802
"BJ Energy","OFFPEAK",1176,-3616.875,-3501.12,115.755
"BJ Energy","OFFPEAK",1176,-252.76,-0.83999133,251.92001
"BJ Energy","OFFPEAK",1176,3106.75,888.08,-2218.67
"BJ Energy","OFFPEAK",1176,965.71,399.46,-566.25
"BJ Energy","OFFPEAK",1176,3735.18,10546.95,6811.77
"BJ Energy","OFFPEAK",1176,2862.975,491.025,-2371.95
"BJ Energy","OFFPEAK",1176,1087.14,2237.68,1150.54
"BJ Energy","OFFPEAK",1176,6595.039,7334.553,739.51404
"BJ Energy","OFFPEAK",1176,-1151.93,-7453.121,-6301.191
"BJ Energy","OFFPEAK",1176,0.0,0.0,0.0
"BJ Energy","OFFPEAK",1176,0.0,0.0,0.0
"BJ Energy","OFFPEAK",1176,7347.625,1029.4,-6318.225
"BJ Energy","OFFPEAK",1176,1988.31,5681.31,3693.0
"BJ Energy","OFFPEAK",1176,-102.09,3456.12,3558.21
"BJ Energy","OFFPEAK",1176,1586.304,-86.121994,-1672.426
"BJ Energy","OFFPEAK",1176,1873.454,-103.853,-1977.307
"BJ Energy","OFFPEAK",1176,183.15,333.675,150.525
"BJ Energy","OFFPEAK",1176,125.16,714.48,589.32
"BJ Energy","OFFPEAK",1176,6904.02,3698.415,-3205.605
"BJ Energy","OFFPEAK",1176,5297.889,6626.76,1328.871
"BJ Energy","OFFPEAK",1176,3978.44,9897.68,5919.24
"BJ Energy","OFFPEAK",1176,-1096.23,-25.099995,1071.13
"BJ Energy","OFFPEAK",1176,955.266,-275.23602,-1230.502
"BJ Energy","OFFPEAK",1176,636.089,-179.962,-816.051
"BJ Energy","OFFPEAK",1176,181.836,-72.276,-254.112
"BJ Energy","OFFPEAK",1176,275.7,-282.90002,-558.60004
"BJ Energy","OFFPEAK",1176,651.78,-403.71,-1055.49
"BJ Energy","OFFPEAK",1176,153.405,-67.315,-220.72
"BJ Energy","OFFPEAK",1176,564.87,-174.72,-739.59
"BJ Energy","OFFPEAK",1176,220.83,-158.685,-379.515
"BJ Energy","OFFPEAK",1176,288.42,-160.725,-449.14502
"BJ Energy","OFFPEAK",1176,3857.805,-1111.53,-4969.335
"BJ Energy","OFFPEAK",1176,636.089,-179.962,-816.051
"BJ Energy","OFFPEAK",1176,781.29,-101.34003,-882.63
"BJ Energy","OFFPEAK",1176,436.56,-33.78001,-470.34
"BJ Energy","OFFPEAK",1176,447.3,-269.26,-716.56
"BJ Energy","OFFPEAK",1176,1202.007,-66.43401,-1268.441
"BJ Energy","OFFPEAK",1176,236.055,-16.890005,-252.945
"BJ Energy","OFFPEAK",1176,1570.579,1278.434,-292.145
"BJ Energy","OFFPEAK",1176,-638.52,0.0,638.52
"BJ Energy","OFFPEAK",1176,1842.336,1054.98,-787.356
"BJ Energy","OFFPEAK",1176,2669.328,4978.746,2309.418
"BJ Energy","OFFPEAK",1176,1691.172,10007.712,8316.54
"BJ Energy","OFFPEAK",1176,5787.144,1071.828,-4715.316
"BJ Energy","OFFPEAK",1176,2270.334,327.503,-1942.831
"BJ Energy","OFFPEAK",1176,7626.723,397.761,-7228.962
"BJ Energy","OFFPEAK",1176,1777.03,720.625,-1056.405
"BJ Energy","OFFPEAK",1176,9647.925,5044.375,-4603.55
"BJ Energy","OFFPEAK",1176,15390.364,5472.5,-9917.864
"BJ Energy","OFFPEAK",1176,2204.976,2590.768,385.792
"BJ Energy","OFFPEAK",1176,1640.03,1287.87,-352.16
"BJ Energy","OFFPEAK",1176,1572.05,-129.90001,-1701.95
"BJ Energy","OFFPEAK",1176,-2442.225,-2233.98,208.245
"BJ Energy","OFFPEAK",1176,3293.56,-4272.8,-7566.36
"BJ Energy","OFFPEAK",1176,-305.2,0.0,305.2
"BJ Energy","OFFPEAK",1176,-352.92,0.0,352.92
"BJ Energy","OFFPEAK",1176,-400.68,0.0,400.68
"BJ Energy","OFFPEAK",1176,-446.148,0.0,446.148
"BJ Energy","OFFPEAK",1176,165.025,318.205,153.18001
"BJ Energy","OFFPEAK",1176,-2.67,0.0,2.67
"BJ Energy","OFFPEAK",1176,-551.376,0.0,551.376
"BJ Energy","OFFPEAK",1176,1324.082,1248.595,-75.487
"BJ Energy","OFFPEAK",1176,1837.682,515.277,-1322.405
"BJ Energy","OFFPEAK",1176,2112.42,1870.785,-241.635
"BJ Energy","OFFPEAK",1176,841.993,1081.897,239.904
"BJ Energy","OFFPEAK",1176,1337.016,-211.536,-1548.552
"BJ Energy","OFFPEAK",1176,1585.95,2159.1,573.15
"BJ Energy","OFFPEAK",1176,1920.354,2093.312,172.95801
"BJ Energy","OFFPEAK",1176,-2590.518,7073.808,9664.326
"BJ Energy","OFFPEAK",1176,2273.3,-236.20001,-2509.5
"BJ Energy","OFFPEAK",1176,-67.86,-217.44,-149.58
"BJ Energy","OFFPEAK",1176,1926.045,-6604.245,-8530.29
"BJ Energy","OFFPEAK",1176,793.8,598.761,-195.039
"BJ Energy","OFFPEAK",1176,551.467,1940.603,1389.136
"BJ Energy","OFFPEAK",1176,-150.72,-904.365,-753.645
"BJ Energy","OFFPEAK",1176,-801.315,256.47,1057.785
"BJ Energy","OFFPEAK",1176,-2756.416,816.45197,3572.868
"BJ Energy","OFFPEAK",1176,1374.645,2226.045,851.39996
"BJ Energy","OFFPEAK",1176,-416.84,341.96,758.8
"BJ Energy","OFFPEAK",1176,-89.49,-178.5,-89.009995
"BJ Energy","OFFPEAK",1176,1047.636,684.918,-362.718
"BJ Energy","OFFPEAK",1176,2623.992,1598.142,-1025.85
"BJ Energy","OFFPEAK",1176,1815.255,-562.339,-2377.594
"BJ Energy","OFFPEAK",1176,1357.725,-481.975,-1839.7
"BJ Energy","OFFPEAK",1176,208.01,-45.232002,-253.242
"BJ Energy","OFFPEAK",1176,2870.076,170.73,-2699.346
"BJ Energy","OFFPEAK",1176,299.472,-80.304,-379.776
"BJ Energy","OFFPEAK",1176,1775.376,479.004,-1296.372
"BJ Energy","OFFPEAK",1176,1544.8,-411.2,-1956.0
"BJ Energy","OFFPEAK",1176,832.04,-180.92801,-1012.968
"BJ Energy","OFFPEAK",1176,208.01,-45.232002,-253.242
"BJ Energy","OFFPEAK",1176,14595.6,-37711.8,-52307.4
"BJ Energy","OFFPEAK",1176,272.24,-27.42,-299.66
"BJ Energy","OFFPEAK",1176,1473.84,-109.68,-1583.52
"BJ Energy","OFFPEAK",1176,1088.96,-109.68,-1198.64
"BJ Energy","OFFPEAK",1176,1130.904,-441.54,-1572.444
"BJ Energy","OFFPEAK",1176,615.15,-367.95,-983.1
"BJ Energy","OFFPEAK",1176,532.995,-178.395,-711.39
"BJ Energy","OFFPEAK",1176,1225.08,-123.39,-1348.47
"BJ Energy","OFFPEAK",1176,322.008,-67.71,-389.71802
"BJ Energy","OFFPEAK",1176,2842.64,-951.44,-3794.08
"BJ Energy","OFFPEAK",1176,588.455,-184.127,-772.58203
"BJ Energy","OFFPEAK",1176,425.604,-129.972,-555.576
"BJ Energy","OFFPEAK",1176,593.235,-169.27501,-762.51
"BJ Energy","OFFPEAK",1176,470.658,-164.412,-635.07
"BJ Energy","OFFPEAK",1176,662.355,-411.03,-1073.385
"BJ Energy","OFFPEAK",1176,1576.365,-208.455,-1784.82
"BJ Energy","OFFPEAK",1176,4875.77,-314.128,-5189.898
"BJ Energy","OFFPEAK",1176,1951.86,-1222.71,-3174.57
"BJ Energy","OFFPEAK",1176,6204.492,-2567.691,-8772.183
"BJ Energy","OFFPEAK",1176,590.904,-244.54199,-835.446
"BJ Energy","OFFPEAK",1176,1366.204,-3461.412,-4827.616
"BJ Energy","OFFPEAK",1176,9594.988,1627.574,-7967.414
"BJ Energy","OFFPEAK",1176,-18066.06,252.06,18318.12
"BJ Energy","OFFPEAK",1176,455.41,-91.67,-547.08
"BJ Energy","OFFPEAK",1176,552.36,11377.17,10824.81
"BJ Energy","OFFPEAK",1176,635.904,592.104,-43.79999
"BJ Energy","OFFPEAK",1176,7.92,-16.710003,-24.630003
"BJ Energy","OFFPEAK",1176,35.4,-109.67999,-145.08
"BJ Energy","OFFPEAK",1176,4325.904,3816.9,-509.004
"BJ Energy","OFFPEAK",1176,-3391.5,8277.57,11669.07
"BJ Energy","OFFPEAK",1176,-2645.792,405.664,3051.456
"BJ Energy","OFFPEAK",1176,-3260.799,456.372,3717.171
"BJ Energy","OFFPEAK",1176,17592.88,8505.68,-9087.2
"BJ Energy","OFFPEAK",1176,3823.79,2924.24,-899.55
"BJ Energy","OFFPEAK",1176,6779.301,5561.91,-1217.391
"BJ Energy","OFFPEAK",1176,6188.22,5753.7,-434.52005
"BJ Energy","OFFPEAK",1176,-1711.53,-2981.8801,-1270.35
"BJ Energy","OFFPEAK",1176,0.0,0.0,0.0
"BJ Energy","OFFPEAK",1176,-28.44,2.440001,30.880001
"BJ Energy","OFFPEAK",1176,-76.95,-0.3900005,76.56
"BJ Energy","OFFPEAK",1176,321.251,-5.6839986,-326.935
"BJ Energy","OFFPEAK",1176,301.427,-5.1030025,-306.53
"BJ Energy","OFFPEAK",1176,-1755.784,-1831.998,-76.214005
"BJ Energy","OFFPEAK",1176,-7012.72,-7604.52,-591.8
"BJ Energy","OFFPEAK",1176,-371.0,3.2799993,374.28
"BJ Energy","OFFPEAK",1176,621.72,-373.575,-995.295
"BJ Energy","OFFPEAK",1176,-791.669,-1357.346,-565.677
"BJ Energy","OFFPEAK",1176,-45.52,4.399985,49.919983
"BJ Energy","OFFPEAK",1176,-8.54,0.97999185,9.519992
"BJ Energy","OFFPEAK",1176,-45.52,4.399985,49.919983
"BJ Energy","OFFPEAK",1176,-12.81,1.4699878,14.279987
"BJ Energy","OFFPEAK",1176,-620.895,-117.28902,503.606
"BJ Energy","OFFPEAK",1176,-97.014,-13.278002,83.736
"BJ Energy","OFFPEAK",1176,1064.72,49.85,-1014.87
"BJ Energy","OFFPEAK",1176,1.28,-0.799992,-2.079992
"BJ Energy","OFFPEAK",1176,-63.12,-0.299997,62.820004
"BJ Energy","OFFPEAK",1176,-187.0,0.6000164,187.60002
"BJ Energy","OFFPEAK",1176,-1.12,-0.6600024,0.4599976
"BJ Energy","OFFPEAK",1176,-76.56,-0.01999984,76.54
"BJ Energy","OFFPEAK",1176,-22.44,195.09,217.53
"BJ Energy","OFFPEAK",1176,-257.32,-1240.76,-983.44
"BJ Energy","OFFPEAK",1176,3.39,-0.48000193,-3.870002
"BJ Energy","OFFPEAK",1176,-59.07,2317.59,2376.66
"BJ Energy","OFFPEAK",1176,-241.329,-381.128,-139.799
"BJ Energy","OFFPEAK",1176,-223.146,-485.072,-261.926
"BJ Energy","OFFPEAK",1176,-452.02,-692.96,-240.94
"BJ Energy","OFFPEAK",1176,-42.24,0.0,42.24
"BJ Energy","OFFPEAK",1176,-423.36,0.0,423.36
"BJ Energy","OFFPEAK",1176,-237.546,-311.832,-74.286
"BJ Energy","OFFPEAK",1176,457.041,-151.957,-608.998
"BJ Energy","OFFPEAK",1176,-468.16,-73.4,394.76
"BJ Energy","OFFPEAK",1176,-202.55,-167.45001,35.099983
"BJ Energy","OFFPEAK",1176,-6463.72,700.92004,7164.64
"BJ Energy","OFFPEAK",1176,53.46,-3.7800634,-57.240063
"BJ Energy","OFFPEAK",1176,20.8,-4.2000704,-25.00007
"BJ Energy","OFFPEAK",1176,-122.64,-5.9100027,116.729996
"BJ Energy","OFFPEAK",1176,86.4,483.52,397.12
"BJ Energy","OFFPEAK",1176,452.685,23.879995,-428.805
"BJ Energy","OFFPEAK",1176,94.095,-17.115005,-111.21001
"BJ Energy","OFFPEAK",1176,1074.38,72.46,-1001.92
"BJ Energy","OFFPEAK",1176,805.785,54.345,-751.44
"BJ Energy","OFFPEAK",1176,2272.11,75.119995,-2196.99
"BJ Energy","OFFPEAK",1176,1855.45,215.95,-1639.5
"BJ Energy","OFFPEAK",1176,84.456,-398.76,-483.216
"BJ Energy","OFFPEAK",1176,1039.232,-532.64,-1571.872
"BJ Energy","OFFPEAK",1176,282.645,-183.0,-465.645
"BJ Energy","OFFPEAK",1176,-423.36,0.0,423.36
"BJ Energy","OFFPEAK",1176,-174.63,0.0,174.63
"BJ Energy","OFFPEAK",1176,-2509.98,-9236.16,-6726.18
"BJ Energy","OFFPEAK",1176,-506.9,-4402.6,-3895.7
"BJ Energy","OFFPEAK",1176,128.4,-325.975,-454.375
"BJ Energy","OFFPEAK",1176,-29.25,-1690.91,-1661.66
"BJ Energy","OFFPEAK",1176,209.685,19.574999,-190.11
"BJ Energy","OFFPEAK",1176,-195.336,-8.496004,186.84
"BJ Energy","OFFPEAK",1176,22.28,56.67998,34.399982
"BJ Energy","OFFPEAK",1176,132.62,-71.28,-203.90001
"BJ Energy","OFFPEAK",1176,13.05,207.435,194.38501
"BJ Energy","OFFPEAK",1176,-200.56,-1334.32,-1133.76
"BJ Energy","OFFPEAK",1176,-541.74,-58.725,483.015
"BJ Energy","OFFPEAK",1176,540.98,54.285,-486.695
"BJ Energy","OFFPEAK",1176,149.58,94.200005,-55.379997
"BJ Energy","OFFPEAK",1176,442.62,44.414997,-398.205
"BJ Energy","OFFPEAK",1176,109.95,-121.369995,-231.31999
"BJ Energy","OFFPEAK",1176,98.31,-72.822,-171.132
"BJ Energy","OFFPEAK",1176,1193.44,-10187.44,-11380.88
"BJ Energy","OFFPEAK",1176,45.27,-482.13,-527.4
"BJ Energy","OFFPEAK",1176,-4479.6,-9659.46,-5179.86
"BJ Energy","OFFPEAK",1176,71.84,-58.048,-129.888
"BJ Energy","OFFPEAK",1176,-373.02,-22.439997,350.58002
"BJ Energy","OFFPEAK",1176,314.895,-76.86,-391.755
"BJ Energy","OFFPEAK",1176,-68.48,-369.72,-301.24
"BJ Energy","OFFPEAK",1176,-80.85,-277.29,-196.44
"BJ Energy","OFFPEAK",1176,177.3,303.65,126.34999
"BJ Energy","OFFPEAK",1176,732.918,-751.8241,-1484.7421
"BJ Energy","OFFPEAK",1176,1254.52,96.45999,-1158.06
"BJ Energy","OFFPEAK",1176,43.86,89.25,45.390003
"BJ Energy","OFFPEAK",1176,637.77,416.5,-221.26999
"BJ Energy","OFFPEAK",1176,-125.298,42.534,167.832
"BJ Energy","OFFPEAK",1176,279.52,164.46,-115.06
"BJ Energy","OFFPEAK",1176,971.82,2364.21,1392.39
"BJ Energy","OFFPEAK",1176,507.78,9756.36,9248.58
"BJ Energy","OFFPEAK",1176,676.0,14092.52,13416.52
"BJ Energy","OFFPEAK",1176,263.62,2458.666,2195.046
"BJ Energy","OFFPEAK",1176,629.739,5795.4272,5165.688
"BJ Energy","OFFPEAK",1176,211.12,8672.32,8461.2
"BJ Energy","OFFPEAK",1176,262.23,3246.76,2984.53
"BJ Energy","OFFPEAK",1176,0.0,0.0,0.0
"BJ Energy","OFFPEAK",1176,328.38,550.62,222.24002
"BJ Energy","OFFPEAK",1176,135.744,-726.048,-861.792
"BJ Energy","OFFPEAK",1176,96.57,-1638.63,-1735.2
"BJ Energy","OFFPEAK",1176,610.04,-3259.92,-3869.96
"BJ Energy","OFFPEAK",1176,207.912,-651.984,-859.896
"BJ Energy","OFFPEAK",1176,673.845,2911.44,2237.595
"BJ Energy","OFFPEAK",1176,663.87,2831.52,2167.65
"BJ Energy","OFFPEAK",1176,698.7,3205.935,2507.235
"BJ Energy","OFFPEAK",1176,-250.8,-1157.65,-906.85004
"BJ Energy","OFFPEAK",1176,-73.98,-694.59,-620.61
"BJ Energy","OFFPEAK",1176,442.392,-208.968,-651.36
"BJ Energy","OFFPEAK",1176,4.44,-831.26,-835.7
"BJ Energy","OFFPEAK",1176,-261.7,-2682.15,-2420.45
"BJ Energy","OFFPEAK",1176,-110.52,-1322.48,-1211.96
"BJ Energy","OFFPEAK",1176,543.2,503.28,-39.919987
"BJ Energy","OFFPEAK",1176,762.9,1738.36,975.46
"BJ Energy","OFFPEAK",1176,-3144.33,1063.0801,4207.41
"BJ Energy","OFFPEAK",1176,-173.07,0.8099969,173.87999
"BJ Energy","OFFPEAK",1176,-136.44,0.8099969,137.25
"BJ Energy","OFFPEAK",1176,0.0,0.8099969,0.8099969
"BJ Energy","OFFPEAK",1176,-40.38,0.6000024,40.980003
"BJ Energy","OFFPEAK",1176,-77.37,0.6000024,77.97
"BJ Energy","OFFPEAK",1176,-1424.96,179.81,1604.77
"BJ Energy","OFFPEAK",1176,678.36,754.92004,76.56002
"BJ Energy","OFFPEAK",1176,423.36,236.25002,-187.10999
"BJ Energy","OFFPEAK",1176,656.992,2003.032,1346.04
"BJ Energy","OFFPEAK",1176,0.0,0.0,0.0
"BJ Energy","OFFPEAK",1176,-51.22,0.0,51.22
"BJ Energy","OFFPEAK",1176,330.176,3027.808,2697.632
"BJ Energy","OFFPEAK",1176,410.158,3044.02,2633.862
"BJ Energy","OFFPEAK",1176,472.992,5813.223,5340.231
"BJ Energy","OFFPEAK",1176,600.761,4605.429,4004.668
"BJ Energy","OFFPEAK",1176,600.761,4605.429,4004.668
"BJ Energy","OFFPEAK",1176,561.795,2964.99,2403.195
"BJ Energy","OFFPEAK",1176,2176.776,493.812,-1682.964
"BJ Energy","OFFPEAK",1176,-255.34,1826.22,2081.56
"BJ Energy","OFFPEAK",1176,3580.47,-19028.25,-22608.72
"BJ Energy","OFFPEAK",1176,2238.47,-14165.475,-16403.945
"BJ Energy","OFFPEAK",1176,218.5,5027.7,4809.2
"BJ Energy","OFFPEAK",1176,824.33,13072.02,12247.69
"BJ Energy","OFFPEAK",1176,0.56,-105.55998,-106.11998
"BJ Energy","OFFPEAK",1176,683.48,-21674.465,-22357.943
"BJ Energy","OFFPEAK",1176,936.144,-25544.904,-26481.049
"BJ Energy","OFFPEAK",1176,104.22,-8499.51,-8603.73
"BJ Energy","OFFPEAK",1176,2303.84,-3108.96,-5412.8
"BJ Energy","OFFPEAK",1176,498.288,-140.56,-638.848
"BJ Energy","OFFPEAK",1176,268.062,-32.634,-300.696
"BJ Energy","OFFPEAK",1176,502.474,-142.072,-644.546
"BJ Energy","OFFPEAK",1176,539.355,-152.28,-691.635
"BJ Energy","OFFPEAK",1176,561.93,-150.6,-712.53
"BJ Energy","OFFPEAK",1176,530.625,-152.22,-682.845
"BJ Energy","OFFPEAK",1176,-7583.31,1500.75,9084.06
"BJ Energy","OFFPEAK",1176,2935.2,-3195.76,-6130.96
"BJ Energy","OFFPEAK",1176,265.872,-49.314,-315.186
"BJ Energy","OFFPEAK",1176,218.87,-40.535,-259.405
"BJ Energy","OFFPEAK",1176,264.438,-49.289997,-313.728
"BJ Energy","OFFPEAK",1176,401.895,-73.971,-475.866
"BJ Energy","OFFPEAK",1176,230.805,-40.535,-271.34
"BJ Energy","OFFPEAK",1176,264.438,-49.289997,-313.728
"BJ Energy","OFFPEAK",1176,-102.84,0.0,102.84
"BJ Energy","OFFPEAK",1176,-35.79,0.0,35.79
"BJ Energy","OFFPEAK",1176,-35.79,0.0,35.79
"BJ Energy","OFFPEAK",1176,802.305,3233.115,2430.81
"BJ Energy","OFFPEAK",1176,636.34,2155.41,1519.07
"BJ Energy","OFFPEAK",1176,395.998,23.256002,-372.742
"BJ Energy","OFFPEAK",1176,345.495,18.36,-327.135
"BJ Energy","OFFPEAK",1176,281.68,-1614.4,-1896.08
"BJ Energy","OFFPEAK",1176,209.56,-1243.24,-1452.8
"BJ Energy","OFFPEAK",1176,808.05,90.704994,-717.34503
"BJ Energy","OFFPEAK",1176,696.507,53.54999,-642.95703
"BJ Energy","OFFPEAK",1176,121.47,4668.72,4547.25
"BJ Energy","OFFPEAK",1176,-5.12,0.0,5.12
"BJ Energy","OFFPEAK",1176,755.13,38.249992,-716.88
"BJ Energy","OFFPEAK",1176,-5.12,0.0,5.12
"BJ Energy","OFFPEAK",1176,0.0,0.0,0.0
"BJ Energy","OFFPEAK",1176,922.86,754.005,-168.855
"BJ Energy","OFFPEAK",1176,401.74,156.85999,-244.88
"BJ Energy","OFFPEAK",1176,693.195,84.97499,-608.22003
"BJ Energy","OFFPEAK",1176,565.56,35.880005,-529.68
"BJ Energy","OFFPEAK",1176,635.06,175.68,-459.38
"BJ Energy","OFFPEAK",1176,177.75,-9.060005,-186.81001
"BJ Energy","OFFPEAK",1176,377.04,23.920002,-353.12
"BJ Energy","OFFPEAK",1176,263.6,-4.3600097,-267.96002
"BJ Energy","OFFPEAK",1176,242.37,6.419984,-235.95001
"BJ Energy","OFFPEAK",1176,572.4,182.24998,-390.15
"BJ Energy","OFFPEAK",1176,467.7,35.880005,-431.82
"BJ Energy","OFFPEAK",1176,1493.334,595.692,-897.642
"BJ Energy","OFFPEAK",1176,390.48,-121.65,-512.13
"BJ Energy","OFFPEAK",1176,705.328,153.27,-552.058
"BJ Energy","OFFPEAK",1176,113.76,-1483.14,-1596.9
"BJ Energy","OFFPEAK",1176,346.656,294.584,-52.07199
"BJ Energy","OFFPEAK",1176,1975.908,254.09999,-1721.808
"BJ Energy","OFFPEAK",1176,915.888,138.59999,-777.288
"BJ Energy","OFFPEAK",1176,236.45,0.0,-236.45
"BJ Energy","OFFPEAK",1176,169.61,0.0,-169.61
"BJ Energy","OFFPEAK",1176,-576.7,-238.4,338.3
"BJ Energy","OFFPEAK",1176,-71.56,3623.44,3695.0
"BJ Energy","OFFPEAK",1176,186.8,3.38,-183.42
"BJ Energy","OFFPEAK",1176,349.02,35.730007,-313.28998
"BJ Energy","OFFPEAK",1176,143.528,8.337002,-135.191
"BJ Energy","OFFPEAK",1176,191.76,8.719997,-183.04001
"BJ Energy","OFFPEAK",1176,340.05,123.53999,-216.51001
"BJ Energy","OFFPEAK",1176,258.419,78.242,-180.177
"BJ Energy","OFFPEAK",1176,-73.08,1146.88,1219.96
"BJ Energy","OFFPEAK",1176,4.56,13.740001,9.18
"BJ Energy","OFFPEAK",1176,359.136,19.694,-339.442
"BJ Energy","OFFPEAK",1176,-102.762,-28.445992,74.31601
"BJ Energy","OFFPEAK",1176,-304.08,3.3600006,307.44
"BJ Energy","OFFPEAK",1176,252.48,-3.520011,-256.0
"BJ Energy","OFFPEAK",1176,-10.8,-1.5150067,9.284993
"BJ Energy","OFFPEAK",1176,418.32,-14.520046,-432.84006
"BJ Energy","OFFPEAK",1176,254.2,-10.300046,-264.50003
"BJ Energy","OFFPEAK",1176,121.42,5.0799932,-116.340004
"BJ Energy","OFFPEAK",1176,-83.88,22.500015,106.38001
"BJ Energy","OFFPEAK",1176,45.6,-6.960001,-52.56
"BJ Energy","OFFPEAK",1176,0.375,-3.4800005,-3.8550005
"BJ Energy","OFFPEAK",1176,16.08,-4.049996,-20.129995
"BJ Energy","OFFPEAK",1176,-11.76,-7.3199816,4.4400187
"BJ Energy","OFFPEAK",1176,-99.65,0.0,99.65
"BJ Energy","OFFPEAK",1176,-99.65,0.0,99.65
"BJ Energy","OFFPEAK",1176,-99.65,0.0,99.65
"BJ Energy","OFFPEAK",1176,-99.65,0.0,99.65
"BJ Energy","OFFPEAK",1176,-99.65,0.0,99.65
"BJ Energy","OFFPEAK",1176,-99.65,0.0,99.65
"BJ Energy","OFFPEAK",1176,62.56,-107.43999,-169.99998
"BJ Energy","OFFPEAK",1176,64.44,25.720007,-38.719994
"BJ Energy","OFFPEAK",1176,1274.52,-302.64,-1577.16
"BJ Energy","OFFPEAK",1176,734.4,625.75,-108.65
"BJ Energy","OFFPEAK",1176,19.2,-10.399998,-29.599998
"BJ Energy","OFFPEAK",1176,181.11,1353.63,1172.52
"BJ Energy","OFFPEAK",1176,14.36,0.0,-14.36
"BJ Energy","OFFPEAK",1176,-123.28,0.0,123.28
"BJ Energy","OFFPEAK",1176,5.43,0.0,-5.43
"BJ Energy","OFFPEAK",1176,-123.28,0.0,123.28
"BJ Energy","OFFPEAK",1176,-123.28,0.0,123.28
"BJ Energy","OFFPEAK",1176,-48.93,0.0,48.93
"BJ Energy","OFFPEAK",1176,-48.93,0.0,48.93
"BJ Energy","OFFPEAK",1176,-48.93,0.0,48.93
"BJ Energy","OFFPEAK",1176,-99.65,0.0,99.65
"BJ Energy","OFFPEAK",1176,-99.65,0.0,99.65
"BJ Energy","OFFPEAK",1176,-99.65,0.0,99.65
"BJ Energy","OFFPEAK",1176,-99.65,0.0,99.65
"BJ Energy","OFFPEAK",1176,-99.65,0.0,99.65
"BJ Energy","OFFPEAK",1176,-99.65,0.0,99.65
"BJ Energy","OFFPEAK",1176,-99.65,0.0,99.65
"BJ Energy","OFFPEAK",1176,-99.65,0.0,99.65
"BJ Energy","OFFPEAK",1176,-99.65,0.0,99.65
"BJ Energy","OFFPEAK",1176,-99.65,0.0,99.65
"BJ Energy","OFFPEAK",1176,-99.65,0.0,99.65
"BJ Energy","OFFPEAK",1176,-99.65,0.0,99.65
"BJ Energy","OFFPEAK",1176,151.56,58.272003,-93.287994
"BJ Energy","OFFPEAK",1176,-505.8,329.30002,835.10004
"BJ Energy","OFFPEAK",1176,100.24,0.69499904,-99.545
"BJ Energy","OFFPEAK",1176,588.671,25.86801,-562.803
"BJ Energy","OFFPEAK",1176,171.72,156.21,-15.51
"BJ Energy","OFFPEAK",1176,200.925,57.285,-143.64
"BJ Energy","OFFPEAK",1176,141.045,-8.505,-149.55
"BJ Energy","OFFPEAK",1176,142.41,-0.3450077,-142.755
"BJ Energy","OFFPEAK",1176,443.52,90.36006,-353.15994
"BJ Energy","OFFPEAK",1176,142.8,60.24004,-82.55996
"BJ Energy","OFFPEAK",1176,-44.05,5.6000185,49.650017
"BJ Energy","OFFPEAK",1176,-44.05,5.6000185,49.650017
"BJ Energy","OFFPEAK",1176,63.252,4.7040153,-58.547985
"BJ Energy","OFFPEAK",1176,1665.36,2047.05,381.69
"BJ Energy","OFFPEAK",1176,381.552,81.44,-300.112
"BJ Energy","OFFPEAK",1176,20.685,2.205004,-18.479996
"BJ Energy","OFFPEAK",1176,535.46,172.62,-362.84
"BJ Energy","OFFPEAK",1176,190.557,203.814,13.257001
"BJ Energy","OFFPEAK",1176,-559.02,236.97,795.99
"BJ Energy","OFFPEAK",1176,-749.46,-290.3,459.16
"BJ Energy","OFFPEAK",1176,54.66,4.0349956,-50.625004
"BJ Energy","OFFPEAK",1176,633.012,15.601983,-617.41003
"BJ Energy","OFFPEAK",1176,45.93,4.095001,-41.835
"BJ Energy","OFFPEAK",1176,-149.04,-2.559995,146.48001
"BJ Energy","OFFPEAK",1176,-65.76,-1.9199961,63.840004
"BJ Energy","OFFPEAK",1176,200.68,-14.065026,-214.74503
"BJ Energy","OFFPEAK",1176,464.8,-13.580026,-478.38004
"BJ Energy","OFFPEAK",1176,186.81,-60.54001,-247.35
"BJ Energy","OFFPEAK",1176,121.36,-10.439999,-131.8
"BJ Energy","OFFPEAK",1176,993.43,-91.634964,-1085.065
"BJ Energy","OFFPEAK",1176,161.161,34.364,-126.797005
"BJ Energy","OFFPEAK",1176,1305.45,-40.36495,-1345.815
"BJ Energy","OFFPEAK",1176,87.345,-4.4849944,-91.829994
"BJ Energy","OFFPEAK",1176,101.235,-4.4849944,-105.71999
"BJ Energy","OFFPEAK",1176,897.294,-1619.37,-2516.664
"BJ Energy","OFFPEAK",1176,320.52,-852.3,-1172.8201
"BJ Energy","OFFPEAK",1176,-0.28,-7.6399927,-7.3599925
"BJ Energy","OFFPEAK",1176,411.995,-16.234983,-428.22998
"BJ Energy","OFFPEAK",1176,763.9,17.700033,-746.19995
"BJ Energy","OFFPEAK",1176,549.95,15.045029,-534.90497
"BJ Energy","OFFPEAK",1176,134.602,43.875,-90.727
"BJ Energy","OFFPEAK",1176,18.2,6.4799957,-11.720004
"BJ Energy","OFFPEAK",1176,229.17,5.31001,-223.85999
"BJ Energy","OFFPEAK",1176,-35.84,36.920006,72.76
"BJ Energy","OFFPEAK",1176,9.075,-161.47499,-170.54999
"BJ Energy","OFFPEAK",1176,-1.725,-162.99,-161.265
"BJ Energy","OFFPEAK",1176,-22.88,-220.14001,-197.26001
"BJ Energy","OFFPEAK",1176,-16.29,-165.075,-148.785
"BJ Energy","OFFPEAK",1176,-67.665,-201.63,-133.965
"BJ Energy","OFFPEAK",1176,18.81,-203.59499,-222.405
"BJ Energy","OFFPEAK",1176,8.01,-205.11,-213.12
"BJ Energy","OFFPEAK",1176,-9.9,-276.30002,-266.4
"BJ Energy","OFFPEAK",1176,-6.555,-207.195,-200.64
"BJ Energy","OFFPEAK",1176,0.96,-42.12,-43.079998
"BJ Energy","OFFPEAK",1176,-18.76,4.32,23.08
"BJ Energy","OFFPEAK",1176,70.32,-0.24000832,-70.560005
"BJ Energy","OFFPEAK",1176,1183.86,18.000032,-1165.86
"BJ Energy","OFFPEAK",1176,173.16,-11.319999,-184.48
"BJ Energy","OFFPEAK",1176,263.08,2.9600065,-260.12
"BJ Energy","OFFPEAK",1176,134.37,-146.19,-280.56
"BJ Energy","OFFPEAK",1176,300.084,-13.463999,-313.548
"BJ Energy","OFFPEAK",1176,60.84,32.820004,-28.019997
"BJ Energy","OFFPEAK",1176,330.12,-1277.64,-1607.76
"BJ Energy","OFFPEAK",1176,340.99,-1845.48,-2186.47
"BJ Energy","OFFPEAK",1176,145.575,-1407.18,-1552.755
"BJ Energy","OFFPEAK",1176,17.52,-5433.0,-5450.52
"BJ Energy","OFFPEAK",1176,371.35,-3986.65,-4358.0
"BJ Energy","OFFPEAK",1176,-1.41,-2391.99,-2390.58
"BJ Energy","OFFPEAK",1176,440.44,-11765.26,-12205.7
"BJ Energy","OFFPEAK",1176,230.25,-13575.3,-13805.55
"BJ Energy","OFFPEAK",1176,131.44,24.929996,-106.51
"BJ Energy","OFFPEAK",1176,146.445,37.394993,-109.05
"BJ Energy","OFFPEAK",1176,158.04,23.354996,-134.685
"BJ Energy","OFFPEAK",1176,228.852,-3.9000022,-232.752
"BJ Energy","OFFPEAK",1176,228.015,-686.4,-914.415
"BJ Energy","OFFPEAK",1176,867.369,-2221.689,-3089.058
"BJ Energy","OFFPEAK",1176,128.24,-82.740005,-210.98001
"BJ Energy","OFFPEAK",1176,140.712,-281.568,-422.28
"BJ Energy","OFFPEAK",1176,173.041,-438.779,-611.82
"BJ Energy","OFFPEAK",1176,1463.605,-2966.275,-4429.88
"BJ Energy","OFFPEAK",1176,172.14,-413.4,-585.54
"BJ Energy","OFFPEAK",1176,2583.868,0.0,-2583.868
"BJ Energy","OFFPEAK",1176,1705.78,-3935.8398,-5641.62
"BJ Energy","OFFPEAK",1176,2233.092,0.0,-2233.092
"BJ Energy","OFFPEAK",1176,1509.696,0.0,-1509.696
"BJ Energy","OFFPEAK",1176,2293.842,0.0,-2293.842
"BJ Energy","OFFPEAK",1176,197.745,0.0,-197.745
"BJ Energy","OFFPEAK",1176,375.55,0.0,-375.55
"BJ Energy","OFFPEAK",1176,96.131,0.0,-96.131
"BJ Energy","OFFPEAK",1176,205.995,0.0,-205.995
"BJ Energy","OFFPEAK",1176,112.665,0.0,-112.665
"BJ Energy","OFFPEAK",1176,92.3,469.06,376.76
"BJ Energy","OFFPEAK",1176,136.44,45.175,-91.265
"BJ Energy","OFFPEAK",1176,906.12,361.4,-544.72003
"BJ Energy","OFFPEAK",1176,2.36,1766.44,1764.08
"BJ Energy","OFFPEAK",1176,243.968,89.104004,-154.864
"BJ Energy","OFFPEAK",1176,114.708,630.894,516.186
"BJ Energy","OFFPEAK",1176,317.152,-665.968,-983.12
"BJ Energy","OFFPEAK",1176,2175.8,924.4,-1251.4
"BJ Energy","OFFPEAK",1176,762.929,272.698,-490.231
"BJ Energy","OFFPEAK",1176,435.16,184.88,-250.28
"BJ Energy","OFFPEAK",1176,-71.48,71.32,142.8
"BJ Energy","OFFPEAK",1176,-198.72,106.67999,305.4
"BJ Energy","OFFPEAK",1176,14.84,-3.6999981,-18.539999
"BJ Energy","OFFPEAK",1176,3.78,0.0,-3.78
"BJ Energy","OFFPEAK",1176,3.78,0.0,-3.78
"BJ Energy","OFFPEAK",1176,-40.08,0.0,40.08
"BJ Energy","OFFPEAK",1176,-40.08,0.0,40.08
"BJ Energy","OFFPEAK",1176,3.78,0.0,-3.78
"BJ Energy","OFFPEAK",1176,41.835,-0.5699946,-42.404995
"BJ Energy","OFFPEAK",1176,74.32,-0.7599928,-75.079994
"BJ Energy","OFFPEAK",1176,626.25,-5.699946,-631.94995
"BJ Energy","OFFPEAK",1176,139.45,-1.899982,-141.34998
"BJ Energy","OFFPEAK",1176,150.072,37.14,-112.932
"BJ Energy","OFFPEAK",1176,865.557,-1.3859802,-866.943
"BJ Energy","OFFPEAK",1176,1446.72,404.03998,-1042.68
"BJ Energy","OFFPEAK",1176,1988.066,-1889.988,-3878.054
"BJ Energy","OFFPEAK",1176,-291.9,-11.2800045,280.62
"BJ Energy","OFFPEAK",1176,295.086,-162.09,-457.176
"BJ Energy","OFFPEAK",1176,2247.128,-2654.592,-4901.72
"BJ Energy","OFFPEAK",1176,-182.34,-11.2800045,171.06
"BJ Energy","OFFPEAK",1176,164.145,-649.29,-813.435
"BJ Energy","OFFPEAK",1176,-327.98,31.399992,359.38
"BJ Energy","OFFPEAK",1176,-309.764,40.81999,350.58398
"BJ Energy","OFFPEAK",1176,209.82,-71.490005,-281.31
"BJ Energy","OFFPEAK",1176,120.81,-152.025,-272.835
"BJ Energy","OFFPEAK",1176,143.172,-181.656,-324.828
"BJ Energy","OFFPEAK",1176,154.14,-350.3,-504.44
"BJ Energy","OFFPEAK",1176,-91.8,0.0,91.8
"BJ Energy","OFFPEAK",1176,351.3,-70.02001,-421.32
"BJ Energy","OFFPEAK",1176,299.08,-46.680004,-345.76
"BJ Energy","OFFPEAK",1176,983.61,-208.245,-1191.855
"BJ Energy","OFFPEAK",1176,762.972,-166.59601,-929.568
"BJ Energy","OFFPEAK",1176,1146.32,367.52,-778.8
"BJ Energy","OFFPEAK",1176,0.0,0.0,0.0
"BJ Energy","OFFPEAK",1176,0.0,0.0,0.0
"BJ Energy","OFFPEAK",1176,143.76,13.800001,-129.96
"BJ Energy","OFFPEAK",1176,569.937,69.570984,-500.36603
"BJ Energy","OFFPEAK",1176,799.876,105.55598,-694.32
"BJ Energy","OFFPEAK",1176,141.225,34.829994,-106.395004
"BJ Energy","OFFPEAK",1176,20.18,8.880012,-11.299989
"BJ Energy","OFFPEAK",1176,-5.38,-18.120012,-12.740012
"BJ Energy","OFFPEAK",1176,1.04,142.6,141.56001
"BJ Energy","OFFPEAK",1176,-5.7,-41.180008,-35.480007
"BJ Energy","OFFPEAK",1176,0.0,-0.050004,-0.050004
"BJ Energy","OFFPEAK",1176,-9.08,-186.72002,-177.64001
"BJ Energy","OFFPEAK",1176,160.497,-66.079,-226.576
"BJ Energy","OFFPEAK",1176,1791.312,104.051,-1687.261
"BJ Energy","OFFPEAK",1176,0.0,-0.050004,-0.050004
"BJ Energy","OFFPEAK",1176,120.93,-5.3400106,-126.27001
"BJ Energy","OFFPEAK",1176,475.485,74.66999,-400.815
"BJ Energy","OFFPEAK",1176,-75.39,0.0,75.39
"BJ Energy","OFFPEAK",1176,111.27,-51.420006,-162.69
"BJ Energy","OFFPEAK",1176,230.4,-11.9399805,-242.33998
"BJ Energy","OFFPEAK",1176,39.36,-2.9849951,-42.344994
"BJ Energy","OFFPEAK",1176,304.125,-17.425001,-321.55
"BJ Energy","OFFPEAK",1176,229.64,12.680007,-216.95999
"BJ Energy","OFFPEAK",1176,71.6,15.440014,-56.159985
"BJ Energy","OFFPEAK",1176,80.668,1.3299993,-79.338
"BJ Energy","OFFPEAK",1176,545.22,148.455,-396.765
"BJ Energy","OFFPEAK",1176,2006.55,3100.59,1094.04
"BJ Energy","OFFPEAK",1176,3464.04,1385.52,-2078.52
"BJ Energy","OFFPEAK",1176,3268.274,379.49597,-2888.778
"BJ Energy","OFFPEAK",1176,287.88,-277.12003,-565.0
"BJ Energy","OFFPEAK",1176,109.965,-103.920006,-213.88501
"BJ Energy","OFFPEAK",1176,155.184,-251.31601,-406.5
"BJ Energy","OFFPEAK",1176,155.184,-251.31601,-406.5
"BJ Energy","OFFPEAK",1176,138.96,-101.20501,-240.16501
"BJ Energy","OFFPEAK",1176,138.96,-101.20501,-240.16501
"BJ Energy","OFFPEAK",1176,151.801,27.988998,-123.812004
"BJ Energy","OFFPEAK",1176,258.2,-269.72,-527.92004
"BJ Energy","OFFPEAK",1176,458.08,-472.01004,-930.09
"BJ Energy","OFFPEAK",1176,789.72,-809.16003,-1598.88
"BJ Energy","OFFPEAK",1176,1913.76,570.31195,-1343.448
"BJ Energy","OFFPEAK",1176,-142.64,26.640005,169.28
"BJ Energy","OFFPEAK",1176,669.36,162.11998,-507.24002
"BJ Energy","OFFPEAK",1176,394.08,162.11998,-231.96002
"BJ Energy","OFFPEAK",1176,268.8,-13.929977,-282.72998
"BJ Energy","OFFPEAK",1176,104.96,-7.9599867,-112.91999
"BJ Energy","OFFPEAK",1176,57.6,-2.9849951,-60.584995
"BJ Energy","OFFPEAK",1176,200.466,-3.0030074,-203.46901
"BJ Energy","OFFPEAK",1176,-1797.5,6.679992,1804.1799
"BJ Energy","OFFPEAK",1176,-1407.602,9.685988,1417.288
"BJ Energy","OFFPEAK",1176,-63.28,0.0,63.28
"BJ Energy","OFFPEAK",1176,-121.2,0.0,121.2
"BJ Energy","OFFPEAK",1176,2182.95,28.080011,-2154.8699
"BJ Energy","OFFPEAK",1176,-239.092,1067.304,1306.396
"BJ Energy","OFFPEAK",1176,-54.72,1143.54,1198.26
"BJ Energy","OFFPEAK",1176,324.046,-5.697976,-329.744
"BJ Energy","OFFPEAK",1176,220.875,-17.19499,-238.06999
"BJ Energy","OFFPEAK",1176,11.82,157.66,145.84001
"BJ Energy","OFFPEAK",1176,761.28,-19.032019,-780.312
"BJ Energy","OFFPEAK",1176,206.65,-9.150009,-215.8
"BJ Energy","OFFPEAK",1176,122.18,50.565,-71.615
"BJ Energy","OFFPEAK",1176,85.8,-8.560008,-94.36001
"BJ Energy","OFFPEAK",1176,132.84,-12.840012,-145.68001
"BJ Energy","OFFPEAK",1176,82.44,-24.600027,-107.04002
"BJ Energy","OFFPEAK",1176,519.597,-0.93600583,-520.533
"BJ Energy","OFFPEAK",1176,621.656,-74.73203,-696.38806
"BJ Energy","OFFPEAK",1176,182.84,-21.98001,-204.82
"BJ Energy","OFFPEAK",1176,215.16,-43.320015,-258.48
"BJ Energy","OFFPEAK",1176,645.48,-129.96005,-775.44006
"BJ Energy","OFFPEAK",1176,387.17,-75.81003,-462.98004
"BJ Energy","OFFPEAK",1176,91.026,-30.408003,-121.434006
"BJ Energy","OFFPEAK",1176,1081.955,81.16499,-1000.79
"BJ Energy","OFFPEAK",1176,44.4,5.0000086,-39.39999
"BJ Energy","OFFPEAK",1176,1447.832,-66.74,-1514.572
"BJ Energy","OFFPEAK",1176,192.304,-7.657995,-199.96199
"BJ Energy","OFFPEAK",1176,1685.745,1502.5231,-183.22198
"BJ Energy","OFFPEAK",1176,-240.0,-1.4800032,238.52
"BJ Energy","OFFPEAK",1176,1734.672,540.336,-1194.336
"BJ Energy","OFFPEAK",1176,-181.38,765.44,946.82
"BJ Energy","OFFPEAK",1176,-100.95,1825.7,1926.65
"BJ Energy","OFFPEAK",1176,483.444,85.824,-397.62
"BJ Energy","OFFPEAK",1176,503.4,-429.48,-932.88
"BJ Energy","OFFPEAK",1176,131.94,-26.472004,-158.412
"BJ Energy","OFFPEAK",1176,198.78,-5.844004,-204.62401
"BJ Energy","OFFPEAK",1176,-40.38,730.28,770.66
"BJ Energy","OFFPEAK",1176,214.784,-229.05602,-443.84003
"BJ Energy","OFFPEAK",1176,-282.24,0.0,282.24
"BJ Energy","OFFPEAK",1176,119.16,-72.720024,-191.88002
"BJ Energy","OFFPEAK",1176,67.884,-23.868002,-91.752
"BJ Energy","OFFPEAK",1176,-75.26,0.32000127,75.58
"BJ Energy","OFFPEAK",1176,0.0,0.48000193,0.48000193
"BJ Energy","OFFPEAK",1176,-75.26,0.32000127,75.58
"BJ Energy","OFFPEAK",1176,0.0,0.48000193,0.48000193
"BJ Energy","OFFPEAK",1176,0.0,0.48000193,0.48000193
"BJ Energy","OFFPEAK",1176,-75.26,0.32000127,75.58
"BJ Energy","OFFPEAK",1176,0.0,0.48000193,0.48000193
"BJ Energy","OFFPEAK",1176,-75.26,0.32000127,75.58
"BJ Energy","OFFPEAK",1176,0.0,0.48000193,0.48000193
"BJ Energy","OFFPEAK",1176,-75.26,0.32000127,75.58
"BJ Energy","OFFPEAK",1176,0.0,0.48000193,0.48000193
"BJ Energy","OFFPEAK",1176,-75.26,0.32000127,75.58
"BJ Energy","OFFPEAK",1176,0.0,0.48000193,0.48000193
"BJ Energy","OFFPEAK",1176,-75.26,0.32000127,75.58
"BJ Energy","OFFPEAK",1176,0.0,0.48000193,0.48000193
"BJ Energy","OFFPEAK",1176,-75.26,0.32000127,75.58
"BJ Energy","OFFPEAK",1176,-75.26,0.32000127,75.58
"BJ Energy","OFFPEAK",1176,0.0,0.48000193,0.48000193
"BJ Energy","OFFPEAK",1176,-75.26,0.32000127,75.58
"BJ Energy","OFFPEAK",1176,0.0,0.48000193,0.48000193
"BJ Energy","OFFPEAK",1176,0.0,0.48000193,0.48000193
"BJ Energy","OFFPEAK",1176,-75.26,0.32000127,75.58
"BJ Energy","OFFPEAK",1176,0.0,0.48000193,0.48000193
"BJ Energy","OFFPEAK",1176,-75.26,0.32000127,75.58
"BJ Energy","OFFPEAK",1176,1661.31,-12756.45,-14417.76
"BJ Energy","OFFPEAK",1176,958.134,-9658.455,-10616.589
"BJ Energy","OFFPEAK",1176,158.613,-2.041003,-160.654
"BJ Energy","OFFPEAK",1176,329.427,-4.239006,-333.66602
"BJ Energy","OFFPEAK",1176,483.285,74.66999,-408.61502
"BJ Energy","OFFPEAK",1176,1198.887,32.605938,-1166.281
"BJ Energy","OFFPEAK",1176,1317.82,33.31994,-1284.5001
"BJ Energy","OFFPEAK",1176,161.6,-29.76,-191.36
"BJ Energy","OFFPEAK",1176,176.232,85.694,-90.538
"BJ Energy","OFFPEAK",1176,127.205,65.6,-61.605
"BJ Energy","OFFPEAK",1176,157.976,12.879998,-145.09601
"BJ Energy","OFFPEAK",1176,800.88,-171.76,-972.64
"BJ Energy","OFFPEAK",1176,2673.286,-330.63797,-3003.924
"BJ Energy","OFFPEAK",1176,386.309,97.394,-288.915
"BJ Energy","OFFPEAK",1176,415.225,91.95299,-323.272
"BJ Energy","OFFPEAK",1176,1069.88,2256.8,1186.9199
"BJ Energy","OFFPEAK",1176,940.5,1.9799165,-938.5201
"BJ Energy","OFFPEAK",1176,1181.121,1.9469179,-1179.1741
"BJ Energy","OFFPEAK",1176,197.442,-0.75599277,-198.198
"BJ Energy","OFFPEAK",1176,103.56,0.60000694,-102.95999
"BJ Energy","OFFPEAK",1176,754.04,-11.409996,-765.45
"BJ Energy","OFFPEAK",1176,154.95,-27.249975,-182.19998
"BJ Energy","OFFPEAK",1176,-46.64,1.1200013,47.760002
"BJ Energy","OFFPEAK",1176,344.1,13.170009,-330.93
"BJ Energy","OFFPEAK",1176,2461.23,414.27002,-2046.96
"BJ Energy","OFFPEAK",1176,69.435,11.730005,-57.704994
"BJ Energy","OFFPEAK",1176,318.2,-0.8169997,-319.017
"BJ Energy","OFFPEAK",1176,-486.9,333.80997,820.70996
"BJ Energy","OFFPEAK",1176,6.54,222.53998,215.99998
"BJ Energy","OFFPEAK",1176,391.62,-28.620012,-420.24002
"BJ Energy","OFFPEAK",1176,1156.2,-35.99998,-1192.2
"BJ Energy","OFFPEAK",1176,1027.614,-25.799988,-1053.414
"BJ Energy","OFFPEAK",1176,510.84,538.8,27.95999
"BJ Energy","OFFPEAK",1176,519.84,538.8,18.95999
"BJ Energy","OFFPEAK",1176,132.03,22.860006,-109.16999
"BJ Energy","OFFPEAK",1176,360.57,53.340015,-307.22998
"BJ Energy","OFFPEAK",1176,360.57,53.340015,-307.22998
"BJ Energy","OFFPEAK",1176,132.03,22.860006,-109.16999
"BJ Energy","OFFPEAK",1176,241.111,-86.42801,-327.539
"BJ Energy","OFFPEAK",1176,566.846,98.59101,-468.255
"BJ Energy","OFFPEAK",1176,113.267,-0.46199638,-113.729
"BJ Energy","OFFPEAK",1176,988.72,-16.829887,-1005.54987
"BJ Energy","OFFPEAK",1176,-17.22,0.0,17.22
"BJ Energy","OFFPEAK",1176,-63.3,0.0,63.3
"BJ Energy","OFFPEAK",1176,417.7,80.40003,-337.29996
"BJ Energy","OFFPEAK",1176,58.92,16.080006,-42.839993
"BJ Energy","OFFPEAK",1176,317.04,-3.9599733,-320.99997
"BJ Energy","OFFPEAK",1176,283.4,-3.9599733,-287.36
"BJ Energy","OFFPEAK",1176,102.24,-12.119986,-114.359985
"BJ Energy","OFFPEAK",1176,180.42,-19.499977,-199.91998
"BJ Energy","OFFPEAK",1176,105.12,-19.499977,-124.61998
"BJ Energy","OFFPEAK",1176,1839.78,2923.74,1083.96
"BJ Energy","OFFPEAK",1176,803.52,232.14,-571.38
"BJ Energy","OFFPEAK",1176,99.24,-26.790003,-126.03
"BJ Energy","OFFPEAK",1176,177.48,111.36001,-66.11999
"BJ Energy","OFFPEAK",1176,-167.041,-398.545,-231.504
"BJ Energy","OFFPEAK",1176,-295.755,-856.92,-561.165
"BJ Energy","OFFPEAK",1176,-138.019,-399.784,-261.765
"BJ Energy","OFFPEAK",1176,320.6,-188.54001,-509.14
"BJ Energy","OFFPEAK",1176,-439.464,87.07201,526.536
"BJ Energy","OFFPEAK",1176,267.786,-111.72,-379.506
"BJ Energy","OFFPEAK",1176,-1589.25,394.47,1983.72
"BJ Energy","OFFPEAK",1176,41.04,-105.594,-146.634
"BJ Energy","OFFPEAK",1176,-4.425,-621.765,-617.33997
"BJ Energy","OFFPEAK",1176,183.56,-469.58,-653.14
"BJ Energy","OFFPEAK",1176,120.72,-575.07,-695.79
"BJ Energy","OFFPEAK",1176,489.945,-108.165,-598.11
"BJ Energy","OFFPEAK",1176,1925.675,6.670044,-1919.005
"BJ Energy","OFFPEAK",1176,1540.7,5.8000383,-1534.8999
"BJ Energy","OFFPEAK",1176,886.275,-131.685,-1017.96
"BJ Energy","OFFPEAK",1176,2209.519,400.907,-1808.6119
"BJ Energy","OFFPEAK",1176,536.82,8.819997,-528.0
"BJ Energy","OFFPEAK",1176,646.114,-24.093998,-670.208
"BJ Energy","OFFPEAK",1176,1060.587,622.116,-438.471
"BJ Energy","OFFPEAK",1176,226.2,318.88,92.68001
"BJ Energy","OFFPEAK",1176,710.451,453.528,-256.923
"BJ Energy","OFFPEAK",1176,0.02,431.32,431.3
"BJ Energy","OFFPEAK",1176,-67.704,280.392,348.096
"BJ Energy","OFFPEAK",1176,879.408,509.04,-370.368
"BJ Energy","OFFPEAK",1176,3042.015,8916.75,5874.735
"BJ Energy","OFFPEAK",1176,4414.83,11436.42,7021.59
"BJ Energy","OFFPEAK",1176,3855.58,12457.3,8601.72
"BJ Energy","OFFPEAK",1176,3460.86,9342.975,5882.115
"BJ Energy","OFFPEAK",1176,2843.67,9192.54,6348.87
"BJ Energy","OFFPEAK",1176,3285.375,9192.54,5907.165
"BJ Energy","OFFPEAK",1176,2521.815,9889.35,7367.535
"BJ Energy","OFFPEAK",1176,3612.3,9353.175,5740.875
"BJ Energy","OFFPEAK",1176,2972.145,9657.24,6685.095
"BJ Energy","OFFPEAK",1176,3296.535,7161.066,3864.531
"BJ Energy","OFFPEAK",1176,2831.46,9250.875,6419.415
"BJ Energy","OFFPEAK",1176,2528.415,9657.24,7128.825
"BJ Energy","OFFPEAK",1176,3400.65,9747.78,6347.13
"BJ Energy","OFFPEAK",1176,3500.096,11006.021,7505.925
"BJ Energy","OFFPEAK",1176,2464.128,7768.956,5304.828
"BJ Energy","OFFPEAK",1176,2464.044,7763.52,5299.476
"BJ Energy","OFFPEAK",1176,345.69,-171.42,-517.11
"BJ Energy","OFFPEAK",1176,132.24,-381.28,-513.52
"BJ Energy","OFFPEAK",1176,1915.218,-384.53397,-2299.752
"BJ Energy","OFFPEAK",1176,1632.915,-320.44498,-1953.36
"BJ Energy","OFFPEAK",1176,584.243,92.389,-491.854
"BJ Energy","OFFPEAK",1176,26.2,0.0,-26.2
"BJ Energy","OFFPEAK",1176,26.2,0.0,-26.2
"BJ Energy","OFFPEAK",1176,26.2,0.0,-26.2
"BJ Energy","OFFPEAK",1176,0.0,0.0,0.0
"BJ Energy","OFFPEAK",1176,-485.0,65.50001,550.5
"BJ Energy","OFFPEAK",1176,-252.4,263.91995,516.31995
"BJ Energy","OFFPEAK",1176,83.384,-419.923,-503.307
"BJ Energy","OFFPEAK",1176,700.0,-8398.46,-9098.46
"BJ Energy","OFFPEAK",1176,-105.705,0.0,105.705
"BJ Energy","OFFPEAK",1176,192.5,-3274.48,-3466.98
"BJ Energy","OFFPEAK",1176,124.24,434.66,310.41998
"BJ Energy","OFFPEAK",1176,19.81,152.131,132.321
"BJ Energy","OFFPEAK",1176,50.94,391.194,340.254
"BJ Energy","OFFPEAK",1176,745.44,2607.96,1862.52
"BJ Energy","OFFPEAK",1176,39.62,304.262,264.642
"BJ Energy","OFFPEAK",1176,-44.85,0.0,44.85
"BJ Energy","OFFPEAK",1176,-50.61,0.0,50.61
"BJ Energy","OFFPEAK",1176,13.794,-268.062,-281.856
"BJ Energy","OFFPEAK",1176,325.05,143.35199,-181.698
"BJ Energy","OFFPEAK",1176,-31.65,221.52,253.17001
"BJ Energy","OFFPEAK",1176,-710.7,654.95,1365.65
"BJ Energy","OFFPEAK",1176,-600.3,1329.4801,1929.78
"BJ Energy","OFFPEAK",1176,-31.65,221.58,253.23001
"BJ Energy","OFFPEAK",1176,87.618,-106.11399,-193.732
"BJ Energy","OFFPEAK",1176,-906.5,517.55,1424.05
"BJ Energy","OFFPEAK",1176,-186.24,33.56999,219.80998
"BJ Energy","OFFPEAK",1176,1588.665,31.020006,-1557.645
"BJ Energy","OFFPEAK",1176,186.66,-58.109997,-244.76999
"BJ Energy","OFFPEAK",1176,-349.55,55.99998,405.55
"BJ Energy","OFFPEAK",1176,213.304,41.23,-172.074
"BJ Energy","OFFPEAK",1176,1492.54,1181.068,-311.47202
"BJ Energy","OFFPEAK",1176,747.27,351.09,-396.18
"BJ Energy","OFFPEAK",1176,696.66,314.595,-382.065
"BJ Energy","OFFPEAK",1176,1266.462,867.492,-398.97
"BJ Energy","OFFPEAK",1176,1036.541,633.633,-402.908
"BJ Energy","OFFPEAK",1176,1228.641,821.134,-407.507
"BJ Energy","OFFPEAK",1176,1028.907,691.735,-337.172
"BJ Energy","OFFPEAK",1176,139.305,43.155006,-96.149994
"BJ Energy","OFFPEAK",1176,166.24,642.72,476.47998
"BJ Energy","OFFPEAK",1176,208.24,763.23,554.99
"BJ Energy","OFFPEAK",1176,121.36,54.88,-66.479996
"BJ Energy","OFFPEAK",1176,998.165,390.83002,-607.335
"BJ Energy","OFFPEAK",1176,842.0,329.12,-512.88
"BJ Energy","OFFPEAK",1176,1012.713,-87.20401,-1099.917
"BJ Energy","OFFPEAK",1176,827.051,-64.84401,-891.895
"BJ Energy","OFFPEAK",1176,103.06,272.185,169.125
"BJ Energy","OFFPEAK",1176,12.18,2037.0,2024.8201
"BJ Energy","OFFPEAK",1176,605.616,1353.15,747.534
"BJ Energy","OFFPEAK",1176,-3275.23,-235.62,3039.61
"BJ Energy","OFFPEAK",1176,226.088,123.144005,-102.944
"BJ Energy","OFFPEAK",1176,171.24,-36.989994,-208.23
"BJ Energy","OFFPEAK",1176,188.76,79.47001,-109.28999
"BJ Energy","OFFPEAK",1176,347.872,99.68,-248.192
"BJ Energy","OFFPEAK",1176,851.92,631.92,-220.0
"BJ Energy","OFFPEAK",1176,213.534,305.001,91.467
"BJ Energy","OFFPEAK",1176,592.704,325.5,-267.204
"BJ Energy","OFFPEAK",1176,750.542,190.801,-559.741
"BJ Energy","OFFPEAK",1176,-999.84,891.0,1890.84
"BJ Energy","OFFPEAK",1176,638.145,14.64,-623.505
"BJ Energy","OFFPEAK",1176,1275.2,257.76,-1017.44
"BJ Energy","OFFPEAK",1176,-217.89,-145.26,72.630005
"BJ Energy","OFFPEAK",1176,-484.4,159.59999,644.0
"BJ Energy","OFFPEAK",1176,-466.65,287.28,753.93
"BJ Energy","OFFPEAK",1176,1182.916,1859.634,676.718
"BJ Energy","OFFPEAK",1176,2078.58,6765.84,4687.26
"BJ Energy","OFFPEAK",1176,1521.772,1966.16,444.388
"BJ Energy","OFFPEAK",1176,525.67,828.35,302.68
"BJ Energy","OFFPEAK",1176,1610.518,1549.34,-61.178005
"BJ Energy","OFFPEAK",1176,1015.882,1328.53,312.648
"BJ Energy","OFFPEAK",1176,1372.67,1765.738,393.068
"BJ Energy","OFFPEAK",1176,1005.508,1316.448,310.94
"BJ Energy","OFFPEAK",1176,57.945,214.21501,156.27
"BJ Energy","OFFPEAK",1176,-441.64,-131.31999,310.32
"BJ Energy","OFFPEAK",1176,431.851,111.188,-320.663
"BJ Energy","OFFPEAK",1176,-86.73,27.510004,114.240005
"BJ Energy","OFFPEAK",1176,-312.06,128.38002,440.44003
"BJ Energy","OFFPEAK",1176,-896.08,316.98,1213.06
"BJ Energy","OFFPEAK",1176,210.18,-270.9,-481.08
"BJ Energy","OFFPEAK",1176,-204.92,9.04,213.96
"BJ Energy","OFFPEAK",1176,-144.6,9.799993,154.4
"BJ Energy","OFFPEAK",1176,245.06,-25.500006,-270.56
"BJ Energy","OFFPEAK",1176,81.52,-156.68,-238.2
"BJ Energy","OFFPEAK",1176,-491.34,-89.07,402.27
"BJ Energy","OFFPEAK",1176,830.925,3.6449902,-827.28
"BJ Energy","OFFPEAK",1176,127.9,34.850006,-93.049995
"BJ Energy","OFFPEAK",1176,30.9,91.70001,60.800014
"BJ Energy","OFFPEAK",1176,314.93,21.119987,-293.81003
"BJ Energy","OFFPEAK",1176,280.497,250.936,-29.561
"BJ Energy","OFFPEAK",1176,718.56,995.83997,277.28
"BJ Energy","OFFPEAK",1176,673.65,746.88,73.22999
"BJ Energy","OFFPEAK",1176,134.73,149.37599,14.645998
"BJ Energy","OFFPEAK",1176,-271.275,-212.505,58.77
"BJ Energy","OFFPEAK",1176,-568.48,-113.64,454.84
"BJ Energy","OFFPEAK",1176,135.08,77.445,-57.635
"BJ Energy","OFFPEAK",1176,-120.94,0.0,120.94
"BJ Energy","OFFPEAK",1176,217.512,224.172,6.6599984
"BJ Energy","OFFPEAK",1176,44.56,-10.2399845,-54.799984
"BJ Energy","OFFPEAK",1176,-67.24,3.8399868,71.07999
"BJ Energy","OFFPEAK",1176,279.732,185.868,-93.864
"BJ Energy","OFFPEAK",1176,-123.675,0.0,123.675
"BJ Energy","OFFPEAK",1176,-241.88,0.0,241.88
"BJ Energy","OFFPEAK",1176,0.0,0.0,0.0
"BJ Energy","OFFPEAK",1176,82.55,-158.59998,-241.14998
"BJ Energy","OFFPEAK",1176,54.92,-48.79999,-103.71999
"BJ Energy","OFFPEAK",1176,478.193,258.315,-219.87799
"BJ Energy","OFFPEAK",1176,45.81,-21.464998,-67.275
"BJ Energy","OFFPEAK",1176,153.56,-57.239998,-210.8
"BJ Energy","OFFPEAK",1176,100.215,-4.409997,-104.625
"BJ Energy","OFFPEAK",1176,-2.82,-4.409997,-1.5899968
"BJ Energy","OFFPEAK",1176,54.341,-21.216988,-75.55798
"BJ Energy","OFFPEAK",1176,-89.4,-17.31999,72.08001
"BJ Energy","OFFPEAK",1176,191.4,523.47003,332.07
"BJ Energy","OFFPEAK",1176,198.51,209.807,11.297004
"BJ Energy","OFFPEAK",1176,-738.0,-45.060017,692.94
"BJ Energy","OFFPEAK",1176,-816.5,-37.550014,778.95
"BJ Energy","OFFPEAK",1176,-4.68,-145.04,-140.36
"BJ Energy","OFFPEAK",1176,316.683,211.086,-105.597
"BJ Energy","OFFPEAK",1176,231.48,-150.9,-382.37997
"BJ Energy","OFFPEAK",1176,344.41,358.644,14.234003
"BJ Energy","OFFPEAK",1176,894.27,404.97,-489.3
"BJ Energy","OFFPEAK",1176,-63.87,232.65,296.52
"BJ Energy","OFFPEAK",1176,-24.36,439.71,464.07
"BJ Energy","OFFPEAK",1176,114.56,293.13998,178.58
"BJ Energy","OFFPEAK",1176,274.44,-5.190001,-279.63
"BJ Energy","OFFPEAK",1176,0.0,-0.05999952,-0.05999952
"BJ Energy","OFFPEAK",1176,0.0,348.84,348.84
"BJ Energy","OFFPEAK",1176,77.67,-40.289997,-117.96
"BJ Energy","OFFPEAK",1176,58.08,-53.719997,-111.799995
"BJ Energy","OFFPEAK",1176,-210.24,252.32,462.56003
"BJ Energy","OFFPEAK",1176,202.64,-113.47999,-316.12
"BJ Energy","OFFPEAK",1176,-521.32,-531.84,-10.520018
"BJ Energy","OFFPEAK",1176,503.24,233.59999,-269.64
"BJ Energy","OFFPEAK",1176,251.595,73.83,-177.765
"BJ Energy","OFFPEAK",1176,351.66,101.159996,-250.5
"BJ Energy","OFFPEAK",1176,129.18,-69.18001,-198.36002
"BJ Energy","OFFPEAK",1176,149.448,189.358,39.91
"BJ Energy","OFFPEAK",1176,-237.4,260.84,498.24
"BJ Energy","OFFPEAK",1176,320.684,214.34001,-106.343994
"BJ Energy","OFFPEAK",1176,-11.04,-6.5199943,4.5200057
"BJ Energy","OFFPEAK",1176,193.4,-150.75,-344.15
"BJ Energy","OFFPEAK",1176,1502.82,-491.46,-1994.28
"BJ Energy","OFFPEAK",1176,1563.51,172.68001,-1390.83
"BJ Energy","OFFPEAK",1176,2460.765,293.145,-2167.62
"BJ Energy","OFFPEAK",1176,141.88,0.0,-141.88
"BJ Energy","OFFPEAK",1176,1657.642,392.098,-1265.544
"BJ Energy","OFFPEAK",1176,448.23,-151.23001,-599.46
"BJ Energy","OFFPEAK",1176,595.29,-589.575,-1184.865
"BJ Energy","OFFPEAK",1176,-590.352,-487.62,102.731995
"BJ Energy","OFFPEAK",1176,2881.899,-1500.099,-4381.998
"BJ Energy","OFFPEAK",1176,-382.08,131.34003,513.42004
"BJ Energy","OFFPEAK",1176,-773.04,469.83,1242.87
"BJ Energy","OFFPEAK",1176,-53.55,-666.18,-612.63
"BJ Energy","OFFPEAK",1176,210.675,82.09501,-128.58
"BJ Energy","OFFPEAK",1176,0.0,0.0,0.0
"BJ Energy","OFFPEAK",1176,0.0,0.0,0.0
"BJ Energy","OFFPEAK",1176,15.81,100.5,84.69
"BJ Energy","OFFPEAK",1176,195.462,220.032,24.569998
"BJ Energy","OFFPEAK",1176,2655.825,315.92798,-2339.897
"BJ Energy","OFFPEAK",1176,2432.625,187.425,-2245.2
"BJ Energy","OFFPEAK",1176,150.528,-19.12801,-169.656
"BJ Energy","OFFPEAK",1176,931.752,142.65599,-789.096
"BJ Energy","OFFPEAK",1176,17842.336,8565.165,-9277.17
"BJ Energy","OFFPEAK",1176,3507.8,594.39996,-2913.4001
"BJ Energy","OFFPEAK",1176,3882.3,594.39996,-3287.9001
"BJ Energy","OFFPEAK",1176,1403.12,237.76,-1165.36
"BJ Energy","OFFPEAK",1176,-179.448,47.795994,227.24399
"BJ Energy","OFFPEAK",1176,86.32,-219.92001,-306.24002
"BJ Energy","OFFPEAK",1176,87.915,133.785,45.87
"BJ Energy","OFFPEAK",1176,219.48,-566.27997,-785.76
"BJ Energy","OFFPEAK",1176,2252.382,-20.284014,-2272.666
"BJ Energy","OFFPEAK",1176,243.13,358.86002,115.73
"BJ Energy","OFFPEAK",1176,-137.72,136.08,273.80002
"BJ Energy","OFFPEAK",1176,304.54,-168.36,-472.9
"BJ Energy","OFFPEAK",1176,1092.0,-408.72998,-1500.73
"BJ Energy","OFFPEAK",1176,750.074,148.61601,-601.458
"BJ Energy","OFFPEAK",1176,792.48,2439.24,1646.76
"BJ Energy","OFFPEAK",1176,153.585,475.89,322.305
"BJ Energy","OFFPEAK",1176,34.77,1354.47,1319.7001
"BJ Energy","OFFPEAK",1176,-84.06,1354.47,1438.53
"BJ Energy","OFFPEAK",1176,82.02,11.479997,-70.54
"BJ Energy","OFFPEAK",1176,-219.3,-289.13998,-69.84
"BJ Energy","OFFPEAK",1176,36.51,-144.56999,-181.08
"BJ Energy","OFFPEAK",1176,161.976,-1224.3359,-1386.312
"BJ Energy","OFFPEAK",1176,1622.54,835.38,-787.16003
"BJ Energy","OFFPEAK",1176,1052.34,178.33499,-874.005
"BJ Energy","OFFPEAK",1176,83.88,-447.66,-531.54
"BJ Energy","OFFPEAK",1176,519.9,2880.06,2360.16
"BJ Energy","OFFPEAK",1176,519.9,2880.06,2360.16
"BJ Energy","OFFPEAK",1176,47.34,-1731.18,-1778.52
"BJ Energy","OFFPEAK",1176,884.67,3772.32,2887.65
"BJ Energy","OFFPEAK",1176,-2782.28,213.56,2995.84
"BJ Energy","OFFPEAK",1176,679.155,142.8,-536.355
"BJ Energy","OFFPEAK",1176,953.98,407.88,-546.1
"BJ Energy","OFFPEAK",1176,884.49,-1149.81,-2034.3
"BJ Energy","OFFPEAK",1176,-874.71,-6766.65,-5891.94
"BJ Energy","OFFPEAK",1176,284.533,1470.62,1186.087
"BJ Energy","OFFPEAK",1176,73.725,-34.615,-108.340004
"BJ Energy","OFFPEAK",1176,282.36,-774.72,-1057.08
"BJ Energy","OFFPEAK",1176,250.665,-117.691,-368.35602
"BJ Energy","OFFPEAK",1176,103.215,-48.461002,-151.676
"BJ Energy","OFFPEAK",1176,455.904,-166.15201,-622.056
"BJ Energy","OFFPEAK",1176,312.208,-52.234005,-364.44202
"BJ Energy","OFFPEAK",1176,195.62,-40.180004,-235.8
"BJ Energy","OFFPEAK",1176,659.841,2023.905,1364.064
"BJ Energy","OFFPEAK",1176,681.148,2378.324,1697.176
"BJ Energy","OFFPEAK",1176,649.233,2155.166,1505.933
"BJ Energy","OFFPEAK",1176,576.774,2142.998,1566.224
"BJ Energy","OFFPEAK",1176,678.6,2479.659,1801.059
"BJ Energy","OFFPEAK",1176,678.587,2479.659,1801.072
"BJ Energy","OFFPEAK",1176,-2152.83,-8865.72,-6712.89
"BJ Energy","OFFPEAK",1176,-312.09,-1285.8,-973.71
"BJ Energy","OFFPEAK",1176,-1779.63,-5323.95,-3544.32
"BJ Energy","OFFPEAK",1176,-7.86,-53.04001,-45.180008
"BJ Energy","OFFPEAK",1176,-2.22,-13.260002,-11.040002
"BJ Energy","OFFPEAK",1176,45.24,-605.82,-651.06
"BJ Energy","OFFPEAK",1176,40.6,325.63998,285.04
"BJ Energy","OFFPEAK",1176,46.14,325.63998,279.5
"BJ Energy","OFFPEAK",1176,12.88,623.6,610.72
"BJ Energy","OFFPEAK",1176,-9.85,389.75,399.6
"BJ Energy","OFFPEAK",1176,-112.44,714.72003,827.16003
"BJ Energy","OFFPEAK",1176,1349.744,441.65,-908.094
"BJ Energy","OFFPEAK",1176,273.9,46.42001,-227.48
"BJ Energy","OFFPEAK",1176,443.34,81.00001,-362.34
"BJ Energy","OFFPEAK",1176,676.08,108.00001,-568.08
"BJ Energy","OFFPEAK",1176,1265.343,417.012,-848.331
"BJ Energy","OFFPEAK",1176,433.984,128.552,-305.432
"BJ Energy","OFFPEAK",1176,663.69,170.69,-493.0
"BJ Energy","OFFPEAK",1176,1018.828,1768.594,749.766
"BJ Energy","OFFPEAK",1176,570.33,914.79,344.46
"BJ Energy","OFFPEAK",1176,1845.044,414.528,-1430.516
"BJ Energy","OFFPEAK",1176,433.538,-0.6999969,-434.238
"BJ Energy","OFFPEAK",1176,-562.02,-248.16,313.86002
"BJ Energy","OFFPEAK",1176,-632.9,-206.8,426.1
"BJ Energy","OFFPEAK",1176,1168.545,485.25,-683.295
"BJ Energy","OFFPEAK",1176,412.718,239.362,-173.356
"BJ Energy","OFFPEAK",1176,-248.82,0.0,248.82
"BJ Energy","OFFPEAK",1176,-248.82,0.0,248.82
"BJ Energy","OFFPEAK",1176,-248.82,0.0,248.82
"BJ Energy","OFFPEAK",1176,-248.82,0.0,248.82
"BJ Energy","OFFPEAK",1176,-248.82,0.0,248.82
"BJ Energy","OFFPEAK",1176,-248.82,0.0,248.82
"BJ Energy","OFFPEAK",1176,-248.82,0.0,248.82
"BJ Energy","OFFPEAK",1176,-248.82,0.0,248.82
"BJ Energy","OFFPEAK",1176,-248.82,0.0,248.82
"BJ Energy","OFFPEAK",1176,509.8,387.95,-121.85
"BJ Energy","OFFPEAK",1176,717.99,389.385,-328.605
"BJ Energy","OFFPEAK",1176,1815.264,856.64703,-958.617
"BJ Energy","OFFPEAK",1176,596.94,184.056,-412.884
"BJ Energy","OFFPEAK",1176,2036.98,304.04,-1732.94
"BJ Energy","OFFPEAK",1176,394.08,331.24002,-62.83999
"BJ Energy","OFFPEAK",1176,7216.29,0.0,-7216.29
"BJ Energy","OFFPEAK",1176,8114.4,0.0,-8114.4
"BJ Energy","OFFPEAK",1176,651.68,-6418.96,-7070.64
"BJ Energy","OFFPEAK",1176,-227.64,318.9,546.54
"BJ Energy","OFFPEAK",1176,94.89,1080.66,985.77
"BJ Energy","OFFPEAK",1176,-58.44,-970.82,-912.38
"BJ Energy","OFFPEAK",1176,180.711,-374.616,-555.327
"BJ Energy","OFFPEAK",1176,158.782,-978.432,-1137.214
"BJ Energy","OFFPEAK",1176,158.782,-978.432,-1137.214
"BJ Energy","OFFPEAK",1176,-98.49,0.0,98.49
"BJ Energy","OFFPEAK",1176,0.0,0.0,0.0
"BJ Energy","OFFPEAK",1176,0.0,0.0,0.0
"BJ Energy","OFFPEAK",1176,113.113,-2767.505,-2880.618
"BJ Energy","OFFPEAK",1176,234.927,-5747.895,-5982.822
"BJ Energy","OFFPEAK",1176,-72.38,615.72,688.1
"BJ Energy","OFFPEAK",1176,148.863,-864.084,-1012.947
"BJ Energy","OFFPEAK",1176,-356.345,-1252.917,-896.572
"BJ Energy","OFFPEAK",1176,128.1,-1983.56,-2111.66
"BJ Energy","OFFPEAK",1176,225.639,-2677.806,-2903.445
"BJ Energy","OFFPEAK",1176,2892.825,372.75003,-2520.075
"BJ Energy","OFFPEAK",1176,2025.45,248.50002,-1776.95
"BJ Energy","OFFPEAK",1176,51.0,-101.939995,-152.94
"BJ Energy","OFFPEAK",1176,104.804,54.278004,-50.525997
"BJ Energy","OFFPEAK",1176,-113.88,11.280012,125.16001
"BJ Energy","OFFPEAK",1176,1939.04,2032.84,93.8
"BJ Energy","OFFPEAK",1176,3480.52,1360.8,-2119.72
"BJ Energy","OFFPEAK",1176,-370.332,-0.02699978,370.305
"BJ Energy","OFFPEAK",1176,6683.705,4138.855,-2544.85
"BJ Energy","OFFPEAK",1176,12885.52,5810.76,-7074.76
"BJ Energy","OFFPEAK",1176,2630.646,2490.822,-139.82399
"BJ Energy","OFFPEAK",1176,1652.896,1543.514,-109.382
"BJ Energy","OFFPEAK",1176,1877.064,1592.752,-284.312
"BJ Energy","OFFPEAK",1176,9366.71,4937.047,-4429.663
"BJ Energy","OFFPEAK",1176,1001.94,-49.290005,-1051.23
"BJ Energy","OFFPEAK",1176,1775.3,9798.9,8023.6
"BJ Energy","OFFPEAK",1176,2201.862,1456.754,-745.10803
"BJ Energy","OFFPEAK",1176,-206.0,18.119995,224.12
"BJ Energy","OFFPEAK",1176,138.95,473.0,334.05
"BJ Energy","OFFPEAK",1176,198.8,473.0,274.2
"BJ Energy","OFFPEAK",1176,16276.23,9757.29,-6518.94
"BJ Energy","OFFPEAK",1176,-500.108,3276.142,3776.25
"BJ Energy","OFFPEAK",1176,453.87,-455.61002,-909.48
"BJ Energy","OFFPEAK",1176,-2990.515,-309.419,2681.096
"BJ Energy","OFFPEAK",1176,15589.291,28960.275,13370.984
"BJ Energy","OFFPEAK",1176,4031.808,4934.328,902.52
"BJ Energy","OFFPEAK",1176,2042.136,7866.054,5823.918
"BJ Energy","OFFPEAK",1176,666.822,-3544.164,-4210.986
"BJ Energy","OFFPEAK",1176,3732.224,6344.96,2612.736
"BJ Energy","OFFPEAK",1176,2405.535,4451.689,2046.154
"BJ Energy","OFFPEAK",1176,3969.12,4133.8,164.68001
"BJ Energy","OFFPEAK",1176,3262.36,4364.52,1102.16
"BJ Energy","OFFPEAK",1176,1420.0,2097.2,677.2
"BJ Energy","OFFPEAK",1176,855.315,-282.165,-1137.48
"BJ Energy","OFFPEAK",1176,1135.08,1303.065,167.985
"BJ Energy","OFFPEAK",1176,1167.69,1302.615,134.92499
"BJ Energy","OFFPEAK",1176,7237.742,18188.557,10950.815
"BJ Energy","OFFPEAK",1176,515.556,325.05,-190.506
"BJ Energy","OFFPEAK",1176,4.4,1.6799885,-2.7200115
"BJ Energy","OFFPEAK",1176,137.305,18.289997,-119.015
"BJ Energy","OFFPEAK",1176,6899.3,9737.98,2838.68
"BJ Energy","OFFPEAK",1176,6892.158,6921.936,29.77799
"BJ Energy","OFFPEAK",1176,417.88,120.624,-297.256
"BJ Energy","OFFPEAK",1176,-821.46,-283.155,538.305
"BJ Energy","OFFPEAK",1176,6.5,0.0,-6.5
"BJ Energy","OFFPEAK",1176,0.0,0.0,0.0
"BJ Energy","OFFPEAK",1176,12571.2,4140.81,-8430.39
"BJ Energy","OFFPEAK",1176,7821.38,2898.62,-4922.76
"BJ Energy","OFFPEAK",1176,5219.28,5539.905,320.625
"BJ Energy","OFFPEAK",1176,424.485,565.695,141.21
"BJ Energy","OFFPEAK",1176,472.608,678.834,206.226
"BJ Energy","OFFPEAK",1176,984.12,151.425,-832.695
"BJ Energy","OFFPEAK",1176,4139.52,1167.54,-2971.98
"BJ Energy","OFFPEAK",1176,1395.972,1890.144,494.172
"BJ Energy","OFFPEAK",1176,2799.033,1204.773,-1594.26
"BJ Energy","OFFPEAK",1176,1725.69,483.345,-1242.345
"BJ Energy","OFFPEAK",1176,896.55,214.03499,-682.515
"BJ Energy","OFFPEAK",1176,321.565,27.524998,-294.04
"BJ Energy","OFFPEAK",1176,4947.1,3177.2,-1769.9
"BJ Energy","OFFPEAK",1176,121.74,-267.62,-389.36002
"BJ Energy","OFFPEAK",1176,7217.01,7765.65,548.63995
"BJ Energy","OFFPEAK",1176,-83.6,-867.20013,-783.6001
"BJ Energy","OFFPEAK",1176,6698.97,7703.748,1004.77795
"BJ Energy","OFFPEAK",1176,9766.278,10349.451,583.173
"BJ Energy","OFFPEAK",1176,8424.34,7171.22,-1253.12
"BJ Energy","OFFPEAK",1176,7370.099,4423.045,-2947.054
"BJ Energy","OFFPEAK",1176,-5676.5,3425.56,9102.06
"BJ Energy","OFFPEAK",1176,7581.475,6984.628,-596.847
"BJ Energy","OFFPEAK",1176,1699.52,1958.12,258.59998
"BJ Energy","OFFPEAK",1176,3207.36,9417.952,6210.592
"BJ Energy","OFFPEAK",1176,20411.39,12005.202,-8406.189
"BJ Energy","OFFPEAK",1176,7868.535,10944.124,3075.589
"BJ Energy","OFFPEAK",1176,15765.28,22474.8,6709.52
"BJ Energy","OFFPEAK",1176,8274.924,5885.124,-2389.8
"BJ Energy","OFFPEAK",1176,518.9,-538.84,-1057.74
"BJ Energy","OFFPEAK",1176,683.28,140.39995,-542.88007
"BJ Energy","OFFPEAK",1176,2708.5,2599.55,-108.95001
"BJ Energy","OFFPEAK",1176,1079.55,723.06,-356.49
"BJ Energy","OFFPEAK",1176,2137.113,-374.913,-2512.026
"BJ Energy","OFFPEAK",1176,1246.0,-265.09,-1511.09
"BJ Energy","OFFPEAK",1176,394.196,75.819984,-318.376
"BJ Energy","OFFPEAK",1176,3203.15,162.00002,-3041.15
"BJ Energy","OFFPEAK",1176,4895.784,233.28003,-4662.504
"BJ Energy","OFFPEAK",1176,2586.48,-166.31999,-2752.8
"BJ Energy","OFFPEAK",1176,534.66,-31.185,-565.845
"BJ Energy","OFFPEAK",1176,463.236,36.756004,-426.47998
"BJ Energy","OFFPEAK",1176,-370.332,-0.02699978,370.305
"BJ Energy","OFFPEAK",1176,2946.86,-314.09198,-3260.952
"BJ Energy","OFFPEAK",1176,6507.06,3209.76,-3297.3
"BJ Energy","OFFPEAK",1176,-780.84,-509.2199,271.62012
"BJ Energy","OFFPEAK",1176,620.8,-565.79987,-1186.5999
"BJ Energy","OFFPEAK",1176,1717.272,211.27803,-1505.994
"BJ Energy","OFFPEAK",1176,-370.332,-0.02699978,370.305
"BJ Energy","OFFPEAK",1176,-605.28,553.23,1158.51
"BJ Energy","OFFPEAK",1176,1711.08,-2857.05,-4568.13
"BJ Energy","OFFPEAK",1176,880.44,183.93599,-696.504
"BJ Energy","OFFPEAK",1176,1509.06,735.15,-773.91003
"BJ Energy","OFFPEAK",1176,154.365,89.58499,-64.78001
"BJ Energy","OFFPEAK",1176,-21.28,87.399994,108.67999
"BJ Energy","OFFPEAK",1176,249.36,262.19998,12.839981
"BJ Energy","OFFPEAK",1176,-53.2,218.49998,271.69998
"BJ Energy","OFFPEAK",1176,1110.44,-24472.32,-25582.76
"BJ Energy","OFFPEAK",1176,371.43,871.82996,500.4
"BJ Energy","OFFPEAK",1176,-6.3,484.35,490.65
"BJ Energy","OFFPEAK",1176,757.305,75.40501,-681.9
"BJ Energy","OFFPEAK",1176,403.54,-455.04,-858.58
"BJ Energy","OFFPEAK",1176,676.16,39.57999,-636.58
"BJ Energy","OFFPEAK",1176,467.432,24.45799,-442.974
"BJ Energy","OFFPEAK",1176,567.74,-55.140007,-622.88
"BJ Energy","OFFPEAK",1176,566.48,-42.320004,-608.8
"BJ Energy","OFFPEAK",1176,536.048,201.808,-334.24002
"BJ Energy","OFFPEAK",1176,163.725,63.065,-100.66
"BJ Energy","OFFPEAK",1176,394.26,185.05199,-209.20801
"BJ Energy","OFFPEAK",1176,526.0,-57.300007,-583.3
"BJ Energy","OFFPEAK",1176,670.737,114.16299,-556.57404
"BJ Energy","OFFPEAK",1176,890.94,-54.270008,-945.21
"BJ Energy","OFFPEAK",1176,100.245,-97.005005,-197.25
"BJ Energy","OFFPEAK",1176,176.32,-30.820007,-207.14001
"BJ Energy","OFFPEAK",1176,1457.3,42.171974,-1415.128
"BJ Energy","OFFPEAK",1176,311.443,583.39496,271.952
"BJ Energy","OFFPEAK",1176,1816.36,3297.45,1481.09
"BJ Energy","OFFPEAK",1176,58.56,-67.40002,-125.960014
"BJ Energy","OFFPEAK",1176,570.873,-0.00000829,-570.873
"BJ Energy","OFFPEAK",1176,229.42,-0.00000448,-229.42
"BJ Energy","OFFPEAK",1176,517.17,-11.610017,-528.78
"BJ Energy","OFFPEAK",1176,365.313,-4.769009,-370.082
"BJ Energy","OFFPEAK",1176,-279.48,-19.29001,260.19
"BJ Energy","OFFPEAK",1176,470.33,0.07000168,-470.26
"BJ Energy","OFFPEAK",1176,34.47,-11.669997,-46.139996
"BJ Energy","OFFPEAK",1176,32.835,9.675005,-23.159996
"BJ Energy","OFFPEAK",1176,-7.125,9.675005,16.800005
"BJ Energy","OFFPEAK",1176,32.835,9.675005,-23.159996
"BJ Energy","OFFPEAK",1176,-7.125,9.675005,16.800005
"BJ Energy","OFFPEAK",1176,-91.71,9.645008,101.35501
"BJ Energy","OFFPEAK",1176,-91.71,9.645008,101.35501
"BJ Energy","OFFPEAK",1176,-7.125,9.675005,16.800005
"BJ Energy","OFFPEAK",1176,32.835,9.675005,-23.159996
"BJ Energy","OFFPEAK",1176,1354.59,-0.0899964,-1354.68
"BJ Energy","OFFPEAK",1176,-145.1,-46.90002,98.19998
"BJ Energy","OFFPEAK",1176,502.272,-6.9840055,-509.256
"BJ Energy","OFFPEAK",1176,397.98,-59.620014,-457.6
"BJ Energy","OFFPEAK",1176,-695.52,-65.040016,630.48
"BJ Energy","OFFPEAK",1176,-296.88,0.0,296.88
"BJ Energy","OFFPEAK",1176,-634.56,0.0,634.56
"BJ Energy","OFFPEAK",1176,750.0,-58.349987,-808.35
"BJ Energy","OFFPEAK",1176,-593.23,-42.78999,550.44
"BJ Energy","OFFPEAK",1176,-115.92,-10.840003,105.079994
"BJ Energy","OFFPEAK",1176,513.855,14.435999,-499.419
"BJ Energy","OFFPEAK",1176,762.88,94.07998,-668.80005
"BJ Energy","OFFPEAK",1176,167.04,-20.595003,-187.63501
"BJ Energy","OFFPEAK",1176,-181.03,-346.66,-165.63
"BJ Energy","OFFPEAK",1176,57.276,-224.928,-282.20398
"BJ Energy","OFFPEAK",1176,-124.98,-107.51997,17.46003
"BJ Energy","OFFPEAK",1176,238.56,-169.87999,-408.44
"BJ Energy","OFFPEAK",1176,-56.46,21.500002,77.96
"BJ Energy","OFFPEAK",1176,172.018,24.163998,-147.854
"BJ Energy","OFFPEAK",1176,279.475,51.550003,-227.925
"BJ Energy","OFFPEAK",1176,4410.0,106.04999,-4303.95
"BJ Energy","OFFPEAK",1176,1218.195,485.04,-733.155
"BJ Energy","OFFPEAK",1176,-124.77,-32.37,92.4
"BJ Energy","OFFPEAK",1176,-2.64,0.0,2.64
"BJ Energy","OFFPEAK",1176,4841.04,2431.56,-2409.48
"BJ Energy","OFFPEAK",1176,3105.54,1585.8,-1519.74
"BJ Energy","OFFPEAK",1176,4419.44,283.47998,-4135.96
"BJ Energy","OFFPEAK",1176,-729.762,-381.942,347.82
"BJ Energy","OFFPEAK",1176,792.78,369.56,-423.22
"BJ Energy","OFFPEAK",1176,1.47,-25.965,-27.435001
"BJ Energy","OFFPEAK",1176,589.12,29.89,-559.23
"BJ Energy","OFFPEAK",1176,231.455,36.295,-195.16
"BJ Energy","OFFPEAK",1176,293.31,-171.09,-464.4
"BJ Energy","OFFPEAK",1176,17.745,-30.66,-48.405
"BJ Energy","OFFPEAK",1176,243.54,-122.64,-366.18
"BJ Energy","OFFPEAK",1176,3220.76,985.4,-2235.36
"BJ Energy","OFFPEAK",1176,3484.72,1836.64,-1648.08
"BJ Energy","OFFPEAK",1176,7876.335,8205.565,329.23
"BJ Energy","OFFPEAK",1176,4227.0,4496.2,269.2
"BJ Energy","OFFPEAK",1176,126.464,-8.540993,-135.00499
"BJ Energy","OFFPEAK",1176,331.35,-32.84997,-364.19998
"BJ Energy","OFFPEAK",1176,5534.72,362.6,-5172.12
"BJ Energy","OFFPEAK",1176,154.86,34.519997,-120.340004
"BJ Energy","OFFPEAK",1176,172.032,24.163998,-147.868
"BJ Energy","OFFPEAK",1176,0.03,0.0,-0.03
"BJ Energy","OFFPEAK",1176,-74.835,140.565,215.40001
"BJ Energy","OFFPEAK",1176,3230.0,114.54998,-3115.45
"BJ Energy","OFFPEAK",1176,69.765,-73.409996,-143.17499
"BJ Energy","OFFPEAK",1176,1219.788,111.936,-1107.852
"BJ Energy","OFFPEAK",1176,1671.2,37.800003,-1633.4
"BJ Energy","OFFPEAK",1176,0.03,0.0,-0.03
"BJ Energy","OFFPEAK",1176,121.75,0.0,-121.75
"BJ Energy","OFFPEAK",1176,190.06,35.054,-155.006
"BJ Energy","OFFPEAK",1176,5612.67,0.0,-5612.67
"BJ Energy","OFFPEAK",1176,8114.4,0.0,-8114.4
"BJ Energy","OFFPEAK",1176,13421.7,10270.65,-3151.05
"BJ Energy","OFFPEAK",1176,3152.864,1949.024,-1203.84
"BJ Energy","OFFPEAK",1176,5.625,-129.56999,-135.19499
"BJ Energy","OFFPEAK",1176,0.0,0.0,0.0
"BJ Energy","OFFPEAK",1176,1022.931,863.856,-159.075
"BJ Energy","OFFPEAK",1176,4310.9,3335.6,-975.3
"BJ Energy","OFFPEAK",1176,3653.325,3085.2,-568.125
"BJ Energy","OFFPEAK",1176,15118.59,7883.94,-7234.65
"BJ Energy","OFFPEAK",1176,-2225.415,-59.879993,2165.535
"BJ Energy","OFFPEAK",1176,1198.185,38.16,-1160.025
"BJ Energy","OFFPEAK",1176,1707.96,38.16,-1669.8
"BJ Energy","OFFPEAK",1176,-478.72,66917.28,67396.0
"BJ Energy","OFFPEAK",1176,-1040.52,-2332.8,-1292.28
"BJ Energy","OFFPEAK",1176,903.94,6823.66,5919.72
"BJ Energy","OFFPEAK",1176,-19862.82,-6506.28,13356.54
"BJ Energy","OFFPEAK",1176,-486.2,12740.75,13226.95
"BJ Energy","OFFPEAK",1176,-373.52,20414.72,20788.24
"BJ Energy","OFFPEAK",1176,197.673,-2293.704,-2491.377
"BJ Energy","OFFPEAK",1176,255.285,-2014.98,-2270.265
"BJ Energy","OFFPEAK",1176,-1644.53,-686.44,958.09
"BJ Energy","OFFPEAK",1176,1602.359,876.123,-726.236
"BJ Energy","OFFPEAK",1176,109.459,-89.604004,-199.063
"BJ Energy","OFFPEAK",1176,112.26,-141.48001,-253.74
"BJ Energy","OFFPEAK",1176,158.46,-189.15001,-347.61002
"BJ Energy","OFFPEAK",1176,64.064,60.697998,-3.3660011
"BJ Energy","OFFPEAK",1176,705.105,-131.19,-836.295
"BJ Energy","OFFPEAK",1176,311.31,9.720003,-301.59
"BJ Energy","OFFPEAK",1176,615.784,97.44799,-518.336
"BJ Energy","OFFPEAK",1176,533.9,394.345,-139.555
"BJ Energy","OFFPEAK",1176,964.8,82.91994,-881.88007
"BJ Energy","OFFPEAK",1176,1121.64,82.91994,-1038.7201
"BJ Energy","OFFPEAK",1176,140.205,10.364992,-129.84001
"BJ Energy","OFFPEAK",1176,37.98,0.0,-37.98
"BJ Energy","OFFPEAK",1176,-36.62,0.0,36.62
"BJ Energy","OFFPEAK",1176,-36.62,0.0,36.62
"BJ Energy","OFFPEAK",1176,-36.62,0.0,36.62
"BJ Energy","OFFPEAK",1176,59.34,253.50002,194.16002
"BJ Energy","OFFPEAK",1176,44.24,58.16002,13.92002
"BJ Energy","OFFPEAK",1176,113.12,-25.919983,-139.03998
"BJ Energy","OFFPEAK",1176,61.26,256.08002,194.82
"BJ Energy","OFFPEAK",1176,309.56,149.36,-160.2
"BJ Energy","OFFPEAK",1176,418.12,85.799995,-332.32
"BJ Energy","OFFPEAK",1176,362.55,455.25,92.700005
"BJ Energy","OFFPEAK",1176,265.32,91.19998,-174.12003
"BJ Energy","OFFPEAK",1176,280.41,20.729984,-259.68002
"BJ Energy","OFFPEAK",1176,31.8,-90.70001,-122.50001
"BJ Energy","OFFPEAK",1176,505.682,107.133995,-398.548
"BJ Energy","OFFPEAK",1176,65.37,-1.4700028,-66.840004
"BJ Energy","OFFPEAK",1176,137.397,0.19500406,-137.202
"BJ Energy","OFFPEAK",1176,-29.9,0.0,29.9
"BJ Energy","OFFPEAK",1176,-17.655,0.0,17.655
"BJ Energy","OFFPEAK",1176,-16.29,0.01500576,16.305006
"BJ Energy","OFFPEAK",1176,-31.18,0.02000768,31.200008
"BJ Energy","OFFPEAK",1176,122.44,0.20000416,-122.24
"BJ Energy","OFFPEAK",1176,-66.3,324.86002,391.16
"BJ Energy","OFFPEAK",1176,402.21,74.685,-327.525
"BJ Energy","OFFPEAK",1176,0.0,0.0,0.0
"BJ Energy","OFFPEAK",1176,0.0,0.0,0.0
"BJ Energy","OFFPEAK",1176,952.84,420.896,-531.94403
"BJ Energy","OFFPEAK",1176,1114.857,380.268,-734.589
"BJ Energy","OFFPEAK",1176,-1542.27,148.245,1690.515
"BJ Energy","OFFPEAK",1176,63.522,146.952,83.43
"BJ Energy","OFFPEAK",1176,-370.72,-269.63998,101.080025
"BJ Energy","OFFPEAK",1176,452.197,-200.72502,-652.922
"BJ Energy","OFFPEAK",1176,-55.33,-208.659,-153.32901
"BJ Energy","OFFPEAK",1176,484.281,8.084994,-476.196
"BJ Energy","OFFPEAK",1176,-2016.75,1269.15,3285.9
"BJ Energy","OFFPEAK",1176,-174.426,592.27,766.696
"BJ Energy","OFFPEAK",1176,0.0,0.0,0.0
"BJ Energy","OFFPEAK",1176,0.0,0.0,0.0
"BJ Energy","OFFPEAK",1176,91.38,343.815,252.435
"BJ Energy","OFFPEAK",1176,112.53,226.68001,114.15002
"BJ Energy","OFFPEAK",1176,7.812,16.59,8.778001
"BJ Energy","OFFPEAK",1176,1553.328,-630.196,-2183.524
"BJ Energy","OFFPEAK",1176,1767.668,-459.116,-2226.784
"BJ Energy","OFFPEAK",1176,430.815,-125.24401,-556.059
"BJ Energy","OFFPEAK",1176,1091.48,-310.68002,-1402.16
"BJ Energy","OFFPEAK",1176,-266.0,0.0,266.0
"BJ Energy","OFFPEAK",1176,-280.0,0.0,280.0
"BJ Energy","OFFPEAK",1176,-266.0,0.0,266.0
"BJ Energy","OFFPEAK",1176,-280.0,0.0,280.0
"BJ Energy","OFFPEAK",1176,0.0,0.0,0.0
"BJ Energy","OFFPEAK",1176,168.44,-64.76,-233.2
"BJ Energy","OFFPEAK",1176,206.3,146.0,-60.300007
"BJ Energy","OFFPEAK",1176,205.5,-4.680003,-210.18001
"BJ Energy","OFFPEAK",1176,3232.44,12275.28,9042.84
"BJ Energy","OFFPEAK",1176,572.8,1704.9,1132.1
"BJ Energy","OFFPEAK",1176,-165.98,914.72003,1080.7
"BJ Energy","OFFPEAK",1176,112.47,113.895004,1.4250015
"BJ Energy","OFFPEAK",1176,648.312,-290.724,-939.036
"BJ Energy","OFFPEAK",1176,-1159.77,969.24,2129.01
"BJ Energy","OFFPEAK",1176,355.536,-53.856003,-409.392
"BJ Energy","OFFPEAK",1176,905.4,-224.40001,-1129.8
"BJ Energy","OFFPEAK",1176,372.84,-319.59,-692.43
"BJ Energy","OFFPEAK",1176,266.304,196.584,-69.72
"BJ Energy","OFFPEAK",1176,212.555,-13.363,-225.918
"BJ Energy","OFFPEAK",1176,1108.86,-114.54,-1223.4
"BJ Energy","OFFPEAK",1176,617.745,-213.96,-831.705
"BJ Energy","OFFPEAK",1176,3528.04,917.27997,-2610.76
"BJ Energy","OFFPEAK",1176,3700.9,521.52,-3179.38
"BJ Energy","OFFPEAK",1176,3700.92,532.32,-3168.6
"BJ Energy","OFFPEAK",1176,767.21,-6135.13,-6902.34
"BJ Energy","OFFPEAK",1176,1042.35,-1804.45,-2846.8
"BJ Energy","OFFPEAK",1176,154.7,0.0800128,-154.61998
"BJ Energy","OFFPEAK",1176,538.936,-568.698,-1107.634
"BJ Energy","OFFPEAK",1176,-181.94,-228.9,-46.960003
"BJ Energy","OFFPEAK",1176,-215.13,-343.35,-128.22
"BJ Energy","OFFPEAK",1176,-219.488,-451.28,-231.792
"BJ Energy","OFFPEAK",1176,435.015,-459.69,-894.705
"BJ Energy","OFFPEAK",1176,80.955,92.265,11.309996
"BJ Energy","OFFPEAK",1176,208.41,149.61,-58.800003
"BJ Energy","OFFPEAK",1176,492.705,1.3650013,-491.34
"BJ Energy","OFFPEAK",1176,243.472,-111.048004,-354.52
"BJ Energy","OFFPEAK",1176,0.0,0.0,0.0
"BJ Energy","OFFPEAK",1176,0.0,0.0,0.0
"BJ Energy","OFFPEAK",1176,43694.28,-4533.816,-48228.098
"BJ Energy","OFFPEAK",1176,330.65,74.562,-256.088
"BJ Energy","OFFPEAK",1176,1504.2,342.15,-1162.05
"BJ Energy","OFFPEAK",1176,1188.7,228.09999,-960.6
"BJ Energy","OFFPEAK",1176,177.38,-14.680002,-192.06
"BJ Energy","OFFPEAK",1176,148.47,-94.785,-243.255
"BJ Energy","OFFPEAK",1176,240.996,-176.932,-417.928
"BJ Energy","OFFPEAK",1176,211.65,28.0,-183.65
"BJ Energy","OFFPEAK",1176,595.136,-580.584,-1175.72
"BJ Energy","OFFPEAK",1176,173.1,10.959991,-162.14001
"BJ Energy","OFFPEAK",1176,110.684,100.919,-9.765001
"BJ Energy","OFFPEAK",1176,0.0,0.0,0.0
"BJ Energy","OFFPEAK",1176,37.515,6.5099945,-31.005005
"BJ Energy","OFFPEAK",1176,198.06,9.854996,-188.205
"BJ Energy","OFFPEAK",1176,125.05,21.699982,-103.35002
"BJ Energy","OFFPEAK",1176,436.508,23.001982,-413.506
"BJ Energy","OFFPEAK",1176,0.0,0.0,0.0
"BJ Energy","OFFPEAK",1176,1606.722,481.468,-1125.254
"BJ Energy","OFFPEAK",1176,763.719,203.698,-560.021
"BJ Energy","OFFPEAK",1176,803.361,240.734,-562.627
"BJ Energy","OFFPEAK",1176,1143.705,283.51498,-860.19
"BJ Energy","OFFPEAK",1176,262.72,160.16,-102.55999
"BJ Energy","OFFPEAK",1176,373.84,320.32,-53.51998
"BJ Energy","OFFPEAK",1176,785.022,111.846,-673.176
"BJ Energy","OFFPEAK",1176,272.265,185.85,-86.415
"BJ Energy","OFFPEAK",1176,954.06,1072.32,118.26
"BJ Energy","OFFPEAK",1176,717.939,75.240005,-642.699
"BJ Energy","OFFPEAK",1176,707.388,-41.148,-748.536
"BJ Energy","OFFPEAK",1176,144.78,151.065,6.285005
"BJ Energy","OFFPEAK",1176,493.974,279.81198,-214.162
"BJ Energy","OFFPEAK",1176,287.339,402.012,114.673004
"BJ Energy","OFFPEAK",1176,-23.16,-0.78000337,22.379997
"BJ Energy","OFFPEAK",1176,-23.16,-0.78000337,22.379997
"BJ Energy","OFFPEAK",1176,-23.16,-0.78000337,22.379997
"BJ Energy","OFFPEAK",1176,-23.16,-0.78000337,22.379997
"BJ Energy","OFFPEAK",1176,-55.98,-1.1700051,54.809994
"BJ Energy","OFFPEAK",1176,782.37,-111.15003,-893.52
"BJ Energy","OFFPEAK",1176,236.94,-74.10002,-311.04
"BJ Energy","OFFPEAK",1176,-38.58,-0.02000768,38.559994
"BJ Energy","OFFPEAK",1176,-33.2,-0.02000768,33.179993
"BJ Energy","OFFPEAK",1176,-38.64,-0.02000768,38.61999
"BJ Energy","OFFPEAK",1176,-38.64,-0.02000768,38.61999
"BJ Energy","OFFPEAK",1176,-39.86,0.0,39.86
"BJ Energy","OFFPEAK",1176,-31.38,0.0,31.38
"BJ Energy","OFFPEAK",1176,88.215,-18.51,-106.725
"BJ Energy","OFFPEAK",1176,-2.895,0.0,2.895
"BJ Energy","OFFPEAK",1176,-5.16,0.02000768,5.1800075
"BJ Energy","OFFPEAK",1176,-2.895,0.0,2.895
"BJ Energy","OFFPEAK",1176,248.235,327.21,78.975
"BJ Energy","OFFPEAK",1176,-5.16,0.02000768,5.1800075
"BJ Energy","OFFPEAK",1176,0.0,-1.3050021,-1.3050021
"BJ Energy","OFFPEAK",1176,80.06,108.619995,28.559996
"BJ Energy","OFFPEAK",1176,40.56,-3.3399963,-43.899998
"BJ Energy","OFFPEAK",1176,17389.2,1749.0,-15640.2
"BJ Energy","OFFPEAK",1176,221.205,-144.68999,-365.895
"BJ Energy","OFFPEAK",1176,192.76,-96.46,-289.22
"BJ Energy","OFFPEAK",1176,194.1,32.55001,-161.54999
"BJ Energy","OFFPEAK",1176,304.74,52.785015,-251.95499
"BJ Energy","OFFPEAK",1176,238.86,-678.95996,-917.81995
"BJ Energy","OFFPEAK",1176,32.737,-183.27399,-216.01099
"BJ Energy","OFFPEAK",1176,163.23,6.539998,-156.69
"BJ Energy","OFFPEAK",1176,-105.32,0.0,105.32
"BJ Energy","OFFPEAK",1176,139.18,-9.139996,-148.31999
"BJ Energy","OFFPEAK",1176,153.6,-905.1599,-1058.7599
"BJ Energy","OFFPEAK",1176,-214.368,0.02100168,214.389
"BJ Energy","OFFPEAK",1176,-3.8,-2.359999,1.4400011
"BJ Energy","OFFPEAK",1176,1276.92,232.605,-1044.3151
"BJ Energy","OFFPEAK",1176,-328.47,-0.91000086,327.56
"BJ Energy","OFFPEAK",1176,2906.386,158.256,-2748.13
"BJ Energy","OFFPEAK",1176,-794.15,-227.0,567.15
"BJ Energy","OFFPEAK",1176,-399.36,-179.67998,219.68001
"BJ Energy","OFFPEAK",1176,-71.82,0.0,71.82
"BJ Energy","OFFPEAK",1176,-50.22,0.0,50.22
"BJ Energy","OFFPEAK",1176,-2076.081,-176.526,1899.555
"BJ Energy","OFFPEAK",1176,2042.3,-497.12,-2539.42
"BJ Energy","OFFPEAK",1176,1025.96,191.88,-834.08
"BJ Energy","OFFPEAK",1176,405.69,101.28,-304.41
"BJ Energy","OFFPEAK",1176,393.93,6.9299955,-387.0
"BJ Energy","OFFPEAK",1176,945.501,15.784989,-929.716
"BJ Energy","OFFPEAK",1176,501.24,23.360003,-477.88
"BJ Energy","OFFPEAK",1176,537.945,17.520002,-520.425
"BJ Energy","OFFPEAK",1176,598.29,-6.030006,-604.32
"BJ Energy","OFFPEAK",1176,584.74,-8.040008,-592.78
"BJ Energy","OFFPEAK",1176,643.365,-27.795006,-671.16003
"BJ Energy","OFFPEAK",1176,15.64,-15.7199955,-31.359995
"BJ Energy","OFFPEAK",1176,0.0,0.0,0.0
"BJ Energy","OFFPEAK",1176,0.04,0.0,-0.04
"BJ Energy","OFFPEAK",1176,0.04,0.0,-0.04
"BJ Energy","OFFPEAK",1176,0.04,0.0,-0.04
"BJ Energy","OFFPEAK",1176,-117.98,-0.9600088,117.01999
"BJ Energy","OFFPEAK",1176,370.502,-7.7660036,-378.268
"BJ Energy","OFFPEAK",1176,158.445,-3.5300016,-161.975
"BJ Energy","OFFPEAK",1176,275.56,129.448,-146.112
"BJ Energy","OFFPEAK",1176,516.12,57.279995,-458.84
"BJ Energy","OFFPEAK",1176,-622.8,-123.119995,499.68
"BJ Energy","OFFPEAK",1176,-343.14,-107.729996,235.41
"BJ Energy","OFFPEAK",1176,2614.968,487.392,-2127.576
"BJ Energy","OFFPEAK",1176,385.672,133.714,-251.95801
"BJ Energy","OFFPEAK",1176,1203.37,18.05998,-1185.31
"BJ Energy","OFFPEAK",1176,543.12,221.94,-321.18
"BJ Energy","OFFPEAK",1176,2596.0,1479.6,-1116.4
"BJ Energy","OFFPEAK",1176,1741.14,811.24,-929.9
"BJ Energy","OFFPEAK",1176,493.57,-235.84003,-729.41003
"BJ Energy","OFFPEAK",1176,548.73,-90.04801,-638.778
"BJ Energy","OFFPEAK",1176,553.704,109.51199,-444.19202
"BJ Energy","OFFPEAK",1176,16.82,100.28001,83.46001
"BJ Energy","OFFPEAK",1176,127.06,100.28001,-26.779997
"BJ Energy","OFFPEAK",1176,524.34,489.33,-35.010014
"BJ Energy","OFFPEAK",1176,715.58,201.16899,-514.411
"BJ Energy","OFFPEAK",1176,1016.4,481.4,-535.0
"BJ Energy","OFFPEAK",1176,713.43,433.25998,-280.17
"BJ Energy","OFFPEAK",1176,619.556,7.5949864,-611.961
"BJ Energy","OFFPEAK",1176,480.054,241.452,-238.602
"BJ Energy","OFFPEAK",1176,107.256,42.732002,-64.524
"BJ Energy","OFFPEAK",1176,185.424,54.384,-131.04001
"BJ Energy","OFFPEAK",1176,-25.16,-1.9000072,23.259993
"BJ Energy","OFFPEAK",1176,1220.242,343.344,-876.898
"BJ Energy","OFFPEAK",1176,624.648,916.18097,291.533
"BJ Energy","OFFPEAK",1176,624.648,916.18097,291.533
"BJ Energy","OFFPEAK",1176,239.742,62.052,-177.69
"BJ Energy","OFFPEAK",1176,592.74,72.918,-519.822
"BJ Energy","OFFPEAK",1176,931.26,137.734,-793.526
"BJ Energy","OFFPEAK",1176,987.825,-40.35,-1028.175
"BJ Energy","OFFPEAK",1176,311.18,9.619997,-301.56
"BJ Energy","OFFPEAK",1176,297.502,-76.627,-374.129
"BJ Energy","OFFPEAK",1176,297.502,-76.627,-374.129
"BJ Energy","OFFPEAK",1176,297.502,-76.627,-374.129
"BJ Energy","OFFPEAK",1176,260.127,-16.776,-276.90298
"BJ Energy","OFFPEAK",1176,483.768,121.992004,-361.776
"BJ Energy","OFFPEAK",1176,98.31,7.1700044,-91.13999
"BJ Energy","OFFPEAK",1176,582.23,160.04997,-422.18002
"BJ Energy","OFFPEAK",1176,76.0,58.199993,-17.800009
"BJ Energy","OFFPEAK",1176,199.68,-4.2600055,-203.94
"BJ Energy","OFFPEAK",1176,232.804,-3.1240041,-235.92801
"BJ Energy","OFFPEAK",1176,1360.7,343.35,-1017.35
"BJ Energy","OFFPEAK",1176,190.89,109.439964,-81.450035
"BJ Energy","OFFPEAK",1176,1228.41,919.98004,-308.42996
"BJ Energy","OFFPEAK",1176,682.56,1226.64,544.08
"BJ Energy","OFFPEAK",1176,216.97,0.47999817,-216.49
"BJ Energy","OFFPEAK",1176,737.698,1.6319938,-736.066
"BJ Energy","OFFPEAK",1176,289.04,177.39,-111.65
"BJ Energy","OFFPEAK",1176,-358.515,64.755,423.27
"BJ Energy","OFFPEAK",1176,249.82,77.42,-172.4
"BJ Energy","OFFPEAK",1176,298.49,73.549,-224.941
"BJ Energy","OFFPEAK",1176,456.708,-127.76401,-584.472
"BJ Energy","OFFPEAK",1176,215.3,-1832.55,-2047.85
"BJ Energy","OFFPEAK",1176,-37.74,-2.8500109,34.889988
"BJ Energy","OFFPEAK",1176,166.16,6.959998,-159.2
"BJ Energy","OFFPEAK",1176,173.91,5.2199984,-168.69
"BJ Energy","OFFPEAK",1176,173.91,5.2199984,-168.69
"BJ Energy","OFFPEAK",1176,310.86,-41.27997,-352.13995
"BJ Energy","OFFPEAK",1176,211.68,8.070009,-203.60999
"BJ Energy","OFFPEAK",1176,185.424,54.384,-131.04001
"BJ Energy","OFFPEAK",1176,421.632,727.836,306.204
"BJ Energy","OFFPEAK",1176,190.019,227.35399,37.334995
"BJ Energy","OFFPEAK",1176,190.019,227.35399,37.334995
"BJ Energy","OFFPEAK",1176,1093.818,2649.372,1555.554
"BJ Energy","OFFPEAK",1176,334.328,922.691,588.363
"BJ Energy","OFFPEAK",1176,822.672,1925.616,1102.944
"BJ Energy","OFFPEAK",1176,-215.88,-10.760013,205.12
"BJ Energy","OFFPEAK",1176,401.544,3711.752,3310.208
"BJ Energy","OFFPEAK",1176,5.13,-1265.37,-1270.5
"BJ Energy","OFFPEAK",1176,667.602,-635.328,-1302.93
"BJ Energy","OFFPEAK",1176,155.631,33.131,-122.5
"BJ Energy","OFFPEAK",1176,366.3,107.295,-259.005
"BJ Energy","OFFPEAK",1176,366.3,107.295,-259.005
"BJ Energy","OFFPEAK",1176,-74.22,-9.749999,64.47
"BJ Energy","OFFPEAK",1176,79.56,1887.96,1808.4
"BJ Energy","OFFPEAK",1176,251.78,336.02,84.24
"BJ Energy","OFFPEAK",1176,898.396,19912.398,19014.004
"BJ Energy","OFFPEAK",1176,362.84,1581.1,1218.26
"BJ Energy","OFFPEAK",1176,607.77,2012.67,1404.9
"BJ Energy","OFFPEAK",1176,674.85,0.0,-674.85
"BJ Energy","OFFPEAK",1176,677.715,2378.385,1700.67
"BJ Energy","OFFPEAK",1176,978.67,1659.71,681.04
"BJ Energy","OFFPEAK",1176,33.32,864.16,830.84
"BJ Energy","OFFPEAK",1176,857.116,2596.308,1739.192
"BJ Energy","OFFPEAK",1176,324.888,1318.648,993.76
"BJ Energy","OFFPEAK",1176,303.037,0.0,-303.037
"BJ Energy","OFFPEAK",1176,-726.81,-620.37,106.440025
"BJ Energy","OFFPEAK",1176,-5550.908,-637.252,4913.6562
"BJ Energy","OFFPEAK",1176,90.88,2283.66,2192.78
"BJ Energy","OFFPEAK",1176,1052.928,-7767.264,-8820.192
"BJ Energy","OFFPEAK",1176,1564.86,-4162.5317,-5727.392
"BJ Energy","OFFPEAK",1176,90.6,2336.44,2245.84
"BJ Energy","OFFPEAK",1176,189.285,-6.5250015,-195.81
"BJ Energy","OFFPEAK",1176,-539.18,172.28,711.46
"BJ Energy","OFFPEAK",1176,-169.1,253.4,422.5
"BJ Energy","OFFPEAK",1176,-130.18,253.4,383.58
"BJ Energy","OFFPEAK",1176,-751.35,261.66,1013.01
"BJ Energy","OFFPEAK",1176,323.04,-536.565,-859.605
"BJ Energy","OFFPEAK",1176,884.85,2428.425,1543.575
"BJ Energy","OFFPEAK",1176,861.12,-14.339996,-875.46
"BJ Energy","OFFPEAK",1176,618.12,-10.754997,-628.875
"BJ Energy","OFFPEAK",1176,502.56,-29.130005,-531.69
"BJ Energy","OFFPEAK",1176,447.16,-27.188005,-474.348
"BJ Energy","OFFPEAK",1176,459.069,-34.97001,-494.039
"BJ Energy","OFFPEAK",1176,735.96,-53.800014,-789.76
"BJ Energy","OFFPEAK",1176,1019.76,-729.18,-1748.9401
"BJ Energy","OFFPEAK",1176,-513.84,2061.96,2575.8
"BJ Energy","OFFPEAK",1176,38.13,73.38,35.249996
"BJ Energy","OFFPEAK",1176,86.73,951.03,864.3
"BJ Energy","OFFPEAK",1176,1239.056,172.312,-1066.744
"BJ Energy","OFFPEAK",1176,-429.12,-4.7999935,424.32
"BJ Energy","OFFPEAK",1176,202.752,-91.248,-294.0
"BJ Energy","OFFPEAK",1176,510.36,-252.255,-762.615
"BJ Energy","OFFPEAK",1176,4623.765,4837.08,213.315
"BJ Energy","OFFPEAK",1176,4487.565,3637.335,-850.23
"BJ Energy","OFFPEAK",1176,-937.398,153.174,1090.572
"BJ Energy","OFFPEAK",1176,228.228,22.555004,-205.67299
"BJ Energy","OFFPEAK",1176,115.825,58.145,-57.68
"BJ Energy","OFFPEAK",1176,284.07,174.435,-109.634995
"BJ Energy","OFFPEAK",1176,596.904,58.99001,-537.914
"BJ Energy","OFFPEAK",1176,-105.54,-5.299996,100.240005
"BJ Energy","OFFPEAK",1176,310.635,170.46,-140.17499
"BJ Energy","OFFPEAK",1176,420.849,120.042,-300.807
"BJ Energy","OFFPEAK",1176,578.05,222.29999,-355.75
"BJ Energy","OFFPEAK",1176,0.0,0.0,0.0
"BJ Energy","OFFPEAK",1176,0.0,0.0,0.0
"BJ Energy","OFFPEAK",1176,-951.975,-6.2009997,945.774
"BJ Energy","OFFPEAK",1176,50.36,4.3199863,-46.040012
"BJ Energy","OFFPEAK",1176,1436.145,-45.495003,-1481.64
"BJ Energy","OFFPEAK",1176,0.0,0.0,0.0
"BJ Energy","OFFPEAK",1176,-147.24,0.0,147.24
"BJ Energy","OFFPEAK",1176,0.0,0.0,0.0
"BJ Energy","OFFPEAK",1176,-147.24,0.0,147.24
"BJ Energy","OFFPEAK",1176,0.0,0.0,0.0
"BJ Energy","OFFPEAK",1176,-147.24,0.0,147.24
"BJ Energy","OFFPEAK",1176,0.0,0.0,0.0
"BJ Energy","OFFPEAK",1176,-110.43,0.0,110.43
"BJ Energy","OFFPEAK",1176,20.42,100.08,79.66
"BJ Energy","OFFPEAK",1176,19.26,99.560005,80.30001
"BJ Energy","OFFPEAK",1176,16.54,90.96,74.42
"BJ Energy","OFFPEAK",1176,-67.56,132.58,200.14
"BJ Energy","OFFPEAK",1176,5.4,205.2,199.8
"BJ Energy","OFFPEAK",1176,-18.4,140.1,158.5
"BJ Energy","OFFPEAK",1176,13.794,-268.062,-281.856
"BJ Energy","OFFPEAK",1176,9849.15,2050.92,-7798.23
"BJ Energy","OFFPEAK",1176,2701.278,2893.9739,192.69597
"BJ Energy","OFFPEAK",1176,1187.34,1711.49,524.14996
"BJ Energy","OFFPEAK",1176,914.04,1400.3099,486.27
"BJ Energy","OFFPEAK",1176,828.261,980.217,151.956
"BJ Energy","OFFPEAK",1176,-68.8,0.0,68.8
"BJ Energy","OFFPEAK",1176,67.36,79.875,12.514998
"BJ Energy","OFFPEAK",1176,-67.56,0.0,67.56
"BJ Energy","OFFPEAK",1176,-67.56,0.0,67.56
"BJ Energy","OFFPEAK",1176,609.42,958.5,349.08
"BJ Energy","OFFPEAK",1176,-67.56,0.0,67.56
"BJ Energy","OFFPEAK",1176,2037.028,2124.675,87.64696
"BJ Energy","OFFPEAK",1176,1488.85,1757.25,268.39996
"BJ Energy","OFFPEAK",1176,197.45,-9.849994,-207.29999
"BJ Energy","OFFPEAK",1176,-67.56,0.0,67.56
"BJ Energy","OFFPEAK",1176,2381.4,-1013.013,-3394.413
"BJ Energy","OFFPEAK",1176,541.728,-225.114,-766.842
"BJ Energy","OFFPEAK",1176,442.26,1179.08,736.82
"BJ Energy","OFFPEAK",1176,-2319.12,1409.49,3728.6099
"BJ Energy","OFFPEAK",1176,-3452.93,2035.9299,5488.86
"BJ Energy","OFFPEAK",1176,1468.206,1174.903,-293.303
"BJ Energy","OFFPEAK",1176,2392.26,1060.0,-1332.26
"BJ Energy","OFFPEAK",1176,-773.04,469.83,1242.87
"BJ Energy","OFFPEAK",1176,-3084.56,-77.84,3006.72
"BJ Energy","OFFPEAK",1176,18.594,-34.113,-52.707
"BJ Energy","OFFPEAK",1176,2067.812,205.071,-1862.741
"BJ Energy","OFFPEAK",1176,1820.07,180.945,-1639.125
"BJ Energy","OFFPEAK",1176,2295.65,45.164,-2250.486
"BJ Energy","OFFPEAK",1176,-4490.34,-1066.02,3424.32
"BJ Energy","OFFPEAK",1176,528.286,-2547.228,-3075.514
"BJ Energy","OFFPEAK",1176,-3506.7,-2399.45,1107.25
"BJ Energy","OFFPEAK",1176,2807.04,-3330.78,-6137.82
"BJ Energy","OFFPEAK",1176,-177.732,-5.2199993,172.512
"BJ Energy","OFFPEAK",1176,158.54,8.600005,-149.94
"BJ Energy","OFFPEAK",1176,-119.78,0.0,119.78
"BJ Energy","OFFPEAK",1176,440.253,15.947999,-424.305
"BJ Energy","OFFPEAK",1176,-63.12,-2.0399814,61.080017
"BJ Energy","OFFPEAK",1176,245.31,-5.0399995,-250.35
"BJ Energy","OFFPEAK",1176,448.542,59.247,-389.295
"BJ Energy","OFFPEAK",1176,125.901,-76.562996,-202.464
"BJ Energy","OFFPEAK",1176,118.464,-97.88,-216.344
"BJ Energy","OFFPEAK",1176,115.884,-155.964,-271.848
"BJ Energy","OFFPEAK",1176,6689.28,19769.2,13079.92
"BJ Energy","OFFPEAK",1176,-1849.5,-1044.72,804.78
"BJ Energy","OFFPEAK",1176,-7163.42,4615.71,11779.13
"BJ Energy","OFFPEAK",1176,-12321.8,35916.4,48238.2
"BJ Energy","OFFPEAK",1176,-1732.052,1972.852,3704.904
"BJ Energy","OFFPEAK",1176,0.0,0.0,0.0
"BJ Energy","OFFPEAK",1176,0.0,0.0,0.0
"BJ Energy","OFFPEAK",1176,-1538.336,-1063.168,475.168
"BJ Energy","OFFPEAK",1176,2597.76,-3408.768,-6006.528
"BJ Energy","OFFPEAK",1176,1226.07,-1273.671,-2499.741
"BJ Energy","OFFPEAK",1176,-3462.636,-3959.049,-496.413
"BJ Energy","OFFPEAK",1176,-435.798,-299.034,136.76399
"BJ Energy","OFFPEAK",1176,-1005.252,-632.757,372.495
"BJ Energy","OFFPEAK",1176,-3302.34,-1209.0599,2093.28
"BJ Energy","OFFPEAK",1176,-962.37,-601.14,361.23
"BJ Energy","OFFPEAK",1176,-60.96,-223.02,-162.06
"BJ Energy","OFFPEAK",1176,3394.24,5649.365,2255.125
"BJ Energy","OFFPEAK",1176,1012.908,3843.866,2830.958
"BJ Energy","OFFPEAK",1176,215.93,4967.95,4752.02
"BJ Energy","OFFPEAK",1176,471.081,73.983,-397.098
"BJ Energy","OFFPEAK",1176,-80.64,-142.0,-61.36
"BJ Energy","OFFPEAK",1176,381.996,271.386,-110.61
"BJ Energy","OFFPEAK",1176,124.635,-6.510003,-131.145
"BJ Energy","OFFPEAK",1176,-453.44,-4952.62,-4499.18
"BJ Energy","OFFPEAK",1176,2187.402,10227.609,8040.207
"BJ Energy","OFFPEAK",1176,0.0,-156.48,-156.48
"BJ Energy","OFFPEAK",1176,154.86,-11.940002,-166.8
"BJ Energy","OFFPEAK",1176,-178.78,0.0,178.78
"BJ Energy","OFFPEAK",1176,517.24,4294.2,3776.96
"BJ Energy","OFFPEAK",1176,844.68,8588.4,7743.72
"BJ Energy","OFFPEAK",1176,0.0,0.0,0.0
"BJ Energy","OFFPEAK",1176,0.0,0.0,0.0
"BJ Energy","OFFPEAK",1176,0.0,0.0,0.0
"BJ Energy","OFFPEAK",1176,-489.33,-62477.64,-61988.31
"BJ Energy","OFFPEAK",1176,-271.85,-34709.8,-34437.95
"BJ Energy","OFFPEAK",1176,0.0,0.0,0.0
"BJ Energy","OFFPEAK",1176,567.189,-317.871,-885.06
"BJ Energy","OFFPEAK",1176,2429.7,11494.32,9064.62
"BJ Energy","OFFPEAK",1176,3786.354,18704.088,14917.734
"BJ Energy","OFFPEAK",1176,341.085,338.32498,-2.7600045
"BJ Energy","OFFPEAK",1176,202.76,197.63,-5.130001
"BJ Energy","OFFPEAK",1176,81.021,59.289,-21.732
"BJ Energy","OFFPEAK",1176,567.728,553.364,-14.364003
"BJ Energy","OFFPEAK",1176,967.827,293.199,-674.628
"BJ Energy","OFFPEAK",1176,65.955,-4.514995,-70.46999
"BJ Energy","OFFPEAK",1176,751.9,988.15,236.25
"BJ Energy","OFFPEAK",1176,538.677,533.601,-5.076003
"BJ Energy","OFFPEAK",1176,-210.75,-45.149952,165.60005
"BJ Energy","OFFPEAK",1176,-128.4,-36.11996,92.28004
"BJ Energy","OFFPEAK",1176,2513.826,2490.138,-23.688015
"BJ Energy","OFFPEAK",1176,1804.56,2371.56,567.0
"BJ Energy","OFFPEAK",1176,-67.1,7898.9,7966.0
"BJ Energy","OFFPEAK",1176,1273.076,4237.352,2964.2761
"BJ Energy","OFFPEAK",1176,162.795,81.420006,-81.375
"BJ Energy","OFFPEAK",1176,196.686,-107.260994,-303.947
"BJ Energy","OFFPEAK",1176,0.0,0.0,0.0
"BJ Energy","OFFPEAK",1176,1353.456,799.812,-553.644
"BJ Energy","OFFPEAK",1176,7.155,1.094999,-6.060001
"BJ Energy","OFFPEAK",1176,1029.996,404.622,-625.374
"BJ Energy","OFFPEAK",1176,493.038,209.804,-283.234
"BJ Energy","OFFPEAK",1176,630.285,118.335,-511.95
"BJ Energy","OFFPEAK",1176,645.54,95.284,-550.256
"BJ Energy","OFFPEAK",1176,1829.432,1674.992,-154.44003
"BJ Energy","OFFPEAK",1176,494.019,342.612,-151.40701
"BJ Energy","OFFPEAK",1176,979.462,3319.052,2339.59
"BJ Energy","OFFPEAK",1176,917.75,3029.69,2111.94
"BJ Energy","OFFPEAK",1176,1513.596,671.55,-842.046
"BJ Energy","OFFPEAK",1176,1245.53,786.49994,-459.03003
"BJ Energy","OFFPEAK",1176,1417.79,2205.918,788.128
"BJ Energy","OFFPEAK",1176,-211.68,0.0,211.68
"BJ Energy","OFFPEAK",1176,-135.75,298.92,434.67
"BJ Energy","OFFPEAK",1176,-286.48,-1350.24,-1063.76
"BJ Energy","OFFPEAK",1176,196.932,-191.712,-388.644
"BJ Energy","OFFPEAK",1176,262.576,-255.616,-518.192
"BJ Energy","OFFPEAK",1176,381.7,-319.52,-701.22
"BJ Energy","OFFPEAK",1176,195.72,-1523.08,-1718.8
"BJ Energy","OFFPEAK",1176,273.823,-181.313,-455.136
"BJ Energy","OFFPEAK",1176,252.828,-223.40399,-476.232
"BJ Energy","OFFPEAK",1176,233.1,-282.59998,-515.7
"BJ Energy","OFFPEAK",1176,299.7,-235.49998,-535.2
"BJ Energy","OFFPEAK",1176,-254.8,1982.45,2237.25
"BJ Energy","OFFPEAK",1176,25.52,0.0,-25.52
"BJ Energy","OFFPEAK",1176,25.52,0.0,-25.52
"BJ Energy","OFFPEAK",1176,2411.04,3934.6199,1523.58
"BJ Energy","OFFPEAK",1176,2205.95,7543.3,5337.35
"BJ Energy","OFFPEAK",1176,-21.9,0.0,21.9
"BJ Energy","OFFPEAK",1176,1776.834,1550.286,-226.548
"BJ Energy","OFFPEAK",1176,-314.04,2001.74,2315.78
"BJ Energy","OFFPEAK",1176,-282.828,-1291.563,-1008.735
"BJ Energy","OFFPEAK",1176,359.88,1041.14,681.26
"BJ Energy","OFFPEAK",1176,898.625,1894.375,995.75
"BJ Energy","OFFPEAK",1176,433.29,-1482.345,-1915.635
"BJ Energy","OFFPEAK",1176,263.891,877.829,613.938
"BJ Energy","OFFPEAK",1176,5904.36,6489.36,585.0
"BJ Energy","OFFPEAK",1176,154.812,930.145,775.333
"BJ Energy","OFFPEAK",1176,1128.648,-26.269985,-1154.918
"BJ Energy","OFFPEAK",1176,449.25,-17.74999,-467.0
"BJ Energy","OFFPEAK",1176,9075.75,5466.75,-3609.0
"BJ Energy","OFFPEAK",1176,-135.21,3234.075,3369.285
"BJ Energy","OFFPEAK",1176,-359.98,4319.2,4679.18
"BJ Energy","OFFPEAK",1176,521.04,671.38,150.34001
"BJ Energy","OFFPEAK",1176,-433.74,195.285,629.025
"BJ Energy","OFFPEAK",1176,-17.04,3.1999397,20.23994
"BJ Energy","OFFPEAK",1176,183.9,3.999925,-179.90007
"BJ Energy","OFFPEAK",1176,-14.94,6.1799774,21.119978
"BJ Energy","OFFPEAK",1176,95.82,6.1799774,-89.64002
"BJ Energy","OFFPEAK",1176,475.26,-2119.5,-2594.76
"BJ Energy","OFFPEAK",1176,295.38,93.060005,-202.31999
"BJ Energy","OFFPEAK",1176,420.624,124.08,-296.544
"BJ Energy","OFFPEAK",1176,775.66,283.6,-492.06
"BJ Energy","OFFPEAK",1176,638.505,106.244995,-532.26
"BJ Energy","OFFPEAK",1176,461.424,-15.798001,-477.22202
"BJ Energy","OFFPEAK",1176,1701.876,-265.224,-1967.1
"BJ Energy","OFFPEAK",1176,535.08,-52.745003,-587.825
"BJ Energy","OFFPEAK",1176,4963.28,16079.08,11115.8
"BJ Energy","OFFPEAK",1176,-4284.07,-3433.92,850.15
"BJ Energy","OFFPEAK",1176,6538.451,10805.427,4266.976
"BJ Energy","OFFPEAK",1176,4190.688,987.36,-3203.328
"BJ Energy","OFFPEAK",1176,10365.9,1300.1001,-9065.8
"BJ Energy","OFFPEAK",1176,3046.68,1720.92,-1325.76
"BJ Energy","OFFPEAK",1176,-3457.44,-2469.312,988.128
"BJ Energy","OFFPEAK",1176,14173.68,14832.72,659.04
"BJ Energy","OFFPEAK",1176,16449.0,7092.6,-9356.4
"BJ Energy","ONPEAK",320,1299.66,3269.34,1969.68
"BJ Energy","ONPEAK",320,3006.3,153.0,-2853.3
"BJ Energy","ONPEAK",320,457.949,-114.441,-572.39
"BJ Energy","ONPEAK",320,1305.765,1779.534,473.769
"BJ Energy","ONPEAK",320,1590.28,28.248,-1562.032
"BJ Energy","ONPEAK",320,2342.472,1572.144,-770.328
"BJ Energy","ONPEAK",320,368.811,16.776,-352.035
"BJ Energy","ONPEAK",320,2119.18,5186.88,3067.7
"BJ Energy","ONPEAK",320,615.807,299.106,-316.701
"BJ Energy","ONPEAK",320,1268.704,169.728,-1098.976
"BJ Energy","ONPEAK",320,1160.709,-294.321,-1455.03
"BJ Energy","ONPEAK",320,1626.77,1046.89,-579.88
"BJ Energy","ONPEAK",320,299.744,-105.162,-404.906
"BJ Energy","ONPEAK",320,2801.133,5178.132,2376.999
"BJ Energy","ONPEAK",320,4145.86,1573.62,-2572.24
"BJ Energy","ONPEAK",320,3261.18,-662.664,-3923.844
"BJ Energy","ONPEAK",320,955.121,-85.491,-1040.612
"BJ Energy","ONPEAK",320,308.371,-16.989,-325.36
"BJ Energy","ONPEAK",320,6.72,259.02,252.3
"BJ Energy","ONPEAK",320,767.22,-1020.78,-1788.0
"BJ Energy","ONPEAK",320,9455.76,11863.56,2407.8
"BJ Energy","ONPEAK",320,340.53,-194.73,-535.26
"BJ Energy","ONPEAK",320,494.16,146.265,-347.895
"BJ Energy","ONPEAK",320,231.915,-111.435,-343.35
"BJ Energy","ONPEAK",320,507.84,43.74,-464.1
"BJ Energy","ONPEAK",320,1107.084,1199.242,92.158
"BJ Energy","ONPEAK",320,575.82,716.64,140.82
"BJ Energy","ONPEAK",320,476.43,435.78,-40.65
"BJ Energy","ONPEAK",320,0.8,-21.7,-22.5
"BJ Energy","ONPEAK",320,4445.25,2617.225,-1828.025
"BJ Energy","ONPEAK",320,108.54,-52.38,-160.92
"BJ Energy","ONPEAK",320,301.68,-2.82,-304.5
"BJ Energy","ONPEAK",320,868.38,1565.76,697.38
"BJ Energy","ONPEAK",320,1196.902,11512.655,10315.753
"BJ Energy","ONPEAK",320,1594.296,-612.414,-2206.71
"BJ Energy","ONPEAK",320,1973.961,3108.963,1135.002
"BJ Energy","ONPEAK",320,-686.665,-567.14,119.525
"BJ Energy","ONPEAK",320,-1640.4,6817.2,8457.6
"BJ Energy","ONPEAK",320,125.55,449.505,323.955
"BJ Energy","ONPEAK",320,365.1,86.55,-278.55
"BJ Energy","ONPEAK",320,971.04,793.548,-177.492
"BJ Energy","ONPEAK",320,887.46,2251.62,1364.16
"BJ Energy","ONPEAK",320,488.528,1664.72,1176.192
"BJ Energy","ONPEAK",320,816.66,2244.06,1427.4
"BJ Energy","ONPEAK",320,134.91,-45.42,-180.33
"BJ Energy","ONPEAK",320,82.593,-60.221,-142.814
"BJ Energy","ONPEAK",320,92.16,-12.63,-104.79
"BJ Energy","ONPEAK",320,329.745,59.655,-270.09
"BJ Energy","ONPEAK",320,190.84,-54.66,-245.5
"BJ Energy","ONPEAK",320,-22.98,-65.16,-42.18
"BJ Energy","ONPEAK",320,115.32,-85.98,-201.3
"BJ Energy","ONPEAK",320,59.88,-175.5,-235.38
"BJ Energy","ONPEAK",320,-2845.024,-559.734,2285.29
"BJ Energy","ONPEAK",320,144.96,-323.58,-468.54
"BJ Energy","ONPEAK",1008,3014.66,432.82,-2581.84
"BJ Energy","ONPEAK",1008,-1258.35,576.5,1834.85
"BJ Energy","ONPEAK",1008,1579.84,-231.76001,-1811.6
"BJ Energy","ONPEAK",1008,1218.25,-579.4,-1797.65
"BJ Energy","ONPEAK",1008,1579.104,1609.856,30.752
"BJ Energy","ONPEAK",1008,2173.4,2515.4,342.0
"BJ Energy","ONPEAK",1008,-600.0,-157.35,442.65
"BJ Energy","ONPEAK",1008,-1415.93,-571.28,844.65
"BJ Energy","ONPEAK",1008,-387.27,-79.71,307.56
"BJ Energy","ONPEAK",1008,-872.48,-106.28001,766.2
"BJ Energy","ONPEAK",1008,-53.385,186.12,239.50499
"BJ Energy","ONPEAK",1008,-149.085,118.33499,267.41998
"BJ Energy","ONPEAK",1008,92.865,39.225,-53.64
"BJ Energy","ONPEAK",1008,70.94,171.12,100.17999
"BJ Energy","ONPEAK",1008,547.36,378.61996,-168.74002
"BJ Energy","ONPEAK",1008,-117.615,230.45999,348.07498
"BJ Energy","ONPEAK",1008,-7049.637,-2058.21,4991.427
"BJ Energy","ONPEAK",1008,-127.92,-527.055,-399.135
"BJ Energy","ONPEAK",1008,-37.232,-465.023,-427.791
"BJ Energy","ONPEAK",1008,-341.12,-1405.48,-1064.36
"BJ Energy","ONPEAK",1008,162.56,-615.04,-777.6
"BJ Energy","ONPEAK",1008,-344.806,-419.397,-74.590996
"BJ Energy","ONPEAK",1008,-163.28,-1571.56,-1408.28
"BJ Energy","ONPEAK",1008,-206.48,-1640.52,-1434.04
"BJ Energy","ONPEAK",1008,331.16,388.62,57.459988
"BJ Energy","ONPEAK",1008,429.59,388.62,-40.970013
"BJ Energy","ONPEAK",1008,-12.96,91.439995,104.399994
"BJ Energy","ONPEAK",1008,-21.6,-34.479996,-12.879996
"BJ Energy","ONPEAK",1008,291.27,1247.25,955.98
"BJ Energy","ONPEAK",1008,445.58,-819.62,-1265.2
"BJ Energy","ONPEAK",1008,-237.86,-1405.8,-1167.9401
"BJ Energy","ONPEAK",1008,579.04,4762.89,4183.85
"BJ Energy","ONPEAK",1008,377.08,2381.445,2004.365
"BJ Energy","ONPEAK",1008,1387.206,-1658.745,-3045.951
"BJ Energy","ONPEAK",1008,306.983,-683.12604,-990.109
"BJ Energy","ONPEAK",1008,-502.05,-774.48,-272.43
"BJ Energy","ONPEAK",1008,1323.0,-1388.352,-2711.352
"BJ Energy","ONPEAK",1008,-601.185,-3492.78,-2891.595
"BJ Energy","ONPEAK",1008,-3264.375,-6162.315,-2897.94
"BJ Energy","ONPEAK",1008,-2275.97,-2791.49,-515.52
"BJ Energy","ONPEAK",1008,-2199.256,-2351.0,-151.744
"BJ Energy","ONPEAK",1008,-2149.902,-2524.455,-374.553
"BJ Energy","ONPEAK",1008,-437.775,-4681.575,-4243.8
"BJ Energy","ONPEAK",1008,-867.426,-5594.721,-4727.295
"BJ Energy","ONPEAK",1008,-1438.458,-4946.48,-3508.022
"BJ Energy","ONPEAK",1008,-350.34,-2621.6,-2271.26
"BJ Energy","ONPEAK",1008,22.36,-2623.4,-2645.76
"BJ Energy","ONPEAK",1008,-1590.24,-3900.3,-2310.06
"BJ Energy","ONPEAK",1008,1954.785,4680.18,2725.395
"BJ Energy","ONPEAK",1008,0.08,0.0,-0.08
"BJ Energy","ONPEAK",1008,-85.56,0.0,85.56
"BJ Energy","ONPEAK",1008,-73.84,0.0,73.84
"BJ Energy","ONPEAK",1008,511.472,1329.601,818.129
"BJ Energy","ONPEAK",1008,-2335.17,31.230005,2366.4
"BJ Energy","ONPEAK",1008,-645.156,503.424,1148.58
"BJ Energy","ONPEAK",1008,-1638.261,450.891,2089.152
"BJ Energy","ONPEAK",1008,-362.025,910.08,1272.105
"BJ Energy","ONPEAK",1008,-1091.331,684.252,1775.583
"BJ Energy","ONPEAK",1008,-1274.824,455.36002,1730.184
"BJ Energy","ONPEAK",1008,-192.495,-107.04,85.454994
"BJ Energy","ONPEAK",1008,728.182,308.098,-420.08398
"BJ Energy","ONPEAK",1008,247.016,-80.322,-327.338
"BJ Energy","ONPEAK",1008,549.77,470.7,-79.07
"BJ Energy","ONPEAK",1008,495.376,-276.346,-771.722
"BJ Energy","ONPEAK",1008,3240.783,-6.6689887,-3247.452
"BJ Energy","ONPEAK",1008,2353.466,-4.9589915,-2358.425
"BJ Energy","ONPEAK",1008,383.284,-193.039,-576.323
"BJ Energy","ONPEAK",1008,478.16,378.19,-99.97
"BJ Energy","ONPEAK",1008,161.52,-19.019985,-180.53998
"BJ Energy","ONPEAK",1008,1559.327,-2114.717,-3674.044
"BJ Energy","ONPEAK",1008,-3656.14,-339.32,3316.82
"BJ Energy","ONPEAK",1008,98.353,14.072,-84.281
"BJ Energy","ONPEAK",1008,1699.6,5600.93,3901.33
"BJ Energy","ONPEAK",1008,6126.696,2756.424,-3370.272
"BJ Energy","ONPEAK",1008,3373.28,2163.62,-1209.66
"BJ Energy","ONPEAK",1008,2529.885,1622.715,-907.17
"BJ Energy","ONPEAK",1008,9769.92,605.33997,-9164.58
"BJ Energy","ONPEAK",1008,10018.41,586.32,-9432.09
"BJ Energy","ONPEAK",1008,3574.9,1930.285,-1644.615
"BJ Energy","ONPEAK",1008,2763.9,1378.95,-1384.95
"BJ Energy","ONPEAK",1008,-535.125,-1651.08,-1115.955
"BJ Energy","ONPEAK",1008,-1083.0,-1049.22,33.78
"BJ Energy","ONPEAK",1008,3772.769,994.89,-2777.879
"BJ Energy","ONPEAK",1008,3469.13,-57.99,-3527.12
"BJ Energy","ONPEAK",1008,-338.5,-701.66,-363.16
"BJ Energy","ONPEAK",1008,2766.496,3344.608,578.112
"BJ Energy","ONPEAK",1008,11268.375,2245.425,-9022.95
"BJ Energy","ONPEAK",1008,12169.02,1402.52,-10766.5
"BJ Energy","ONPEAK",1008,2684.22,14.460005,-2669.76
"BJ Energy","ONPEAK",1008,1825.5,377.56,-1447.94
"BJ Energy","ONPEAK",1008,2013.165,10.845004,-2002.32
"BJ Energy","ONPEAK",1008,1254.838,1358.747,103.909
"BJ Energy","ONPEAK",1008,4505.202,1738.477,-2766.725
"BJ Energy","ONPEAK",1008,2093.616,-53.241997,-2146.858
"BJ Energy","ONPEAK",1008,-310.505,409.805,720.31
"BJ Energy","ONPEAK",1008,12118.245,15785.16,3666.915
"BJ Energy","ONPEAK",1008,4654.87,85820.79,81165.92
"BJ Energy","ONPEAK",1008,3048.396,60854.742,57806.348
"BJ Energy","ONPEAK",1008,2395.482,1196.43,-1199.052
"BJ Energy","ONPEAK",1008,351.325,37.037,-314.288
"BJ Energy","ONPEAK",1008,-1997.115,-2679.09,-681.975
"BJ Energy","ONPEAK",1008,-3120.78,-2946.21,174.57
"BJ Energy","ONPEAK",1008,-3522.54,-2749.935,772.605
"BJ Energy","ONPEAK",1008,-3361.065,-2285.94,1075.125
"BJ Energy","ONPEAK",1008,26691.15,62424.6,35733.45
"BJ Energy","ONPEAK",1008,1052.353,1706.295,653.942
"BJ Energy","ONPEAK",1008,714.495,1347.075,632.58
"BJ Energy","ONPEAK",1008,3626.363,5815.719,2189.356
"BJ Energy","ONPEAK",1008,-95.82,0.0,95.82
"BJ Energy","ONPEAK",1008,6477.975,13338.567,6860.592
"BJ Energy","ONPEAK",1008,5210.68,3477.23,-1733.45
"BJ Energy","ONPEAK",1008,871.86,574.475,-297.385
"BJ Energy","ONPEAK",1008,648.0,417.8,-230.2
"BJ Energy","ONPEAK",1008,-69.405,0.0,69.405
"BJ Energy","ONPEAK",1008,-1027.832,-899.776,128.056
"BJ Energy","ONPEAK",1008,-688.6,-695.095,-6.4950013
"BJ Energy","ONPEAK",1008,1101.48,11.919997,-1089.56
"BJ Energy","ONPEAK",1008,1782.675,14328.735,12546.06
"BJ Energy","ONPEAK",1008,1576.05,14638.44,13062.39
"BJ Energy","ONPEAK",1008,8294.19,14790.0,6495.81
"BJ Energy","ONPEAK",1008,2504.16,-1546.6799,-4050.84
"BJ Energy","ONPEAK",1008,-3682.22,-25841.9,-22159.68
"BJ Energy","ONPEAK",1008,1411.207,9672.803,8261.596
"BJ Energy","ONPEAK",1008,9646.14,20040.66,10394.52
"BJ Energy","ONPEAK",1008,-0.09,19712.88,19712.97
"BJ Energy","ONPEAK",1008,3628.818,24872.922,21244.104
"BJ Energy","ONPEAK",1008,1938.36,3287.6,1349.24
"BJ Energy","ONPEAK",1008,540.16,-302.86002,-843.02
"BJ Energy","ONPEAK",1008,1623.496,-1466.136,-3089.632
"BJ Energy","ONPEAK",1008,46.032,0.0,-46.032
"BJ Energy","ONPEAK",1008,2325.28,894.46,-1430.82
"BJ Energy","ONPEAK",1008,748.447,165.151,-583.296
"BJ Energy","ONPEAK",1008,361.114,203.18999,-157.92401
"BJ Energy","ONPEAK",1008,390.852,75.096,-315.756
"BJ Energy","ONPEAK",1008,10550.4,-1608.2001,-12158.6
"BJ Energy","ONPEAK",1008,90.32,3.7800086,-86.53999
"BJ Energy","ONPEAK",1008,398.016,167.388,-230.628
"BJ Energy","ONPEAK",1008,1151.48,419.912,-731.568
"BJ Energy","ONPEAK",1008,0.04,-8761.28,-8761.32
"BJ Energy","ONPEAK",1008,2404.431,378.45898,-2025.972
"BJ Energy","ONPEAK",1008,2914.308,5738.724,2824.416
"BJ Energy","ONPEAK",1008,1635.8,3188.18,1552.38
"BJ Energy","ONPEAK",1008,2443.025,3118.258,675.233
"BJ Energy","ONPEAK",1008,0.0,0.0,0.0
"BJ Energy","ONPEAK",1008,0.0,0.0,0.0
"BJ Energy","ONPEAK",1008,-3682.22,-25841.9,-22159.68
"BJ Energy","ONPEAK",1008,4401.027,388.17,-4012.857
"BJ Energy","ONPEAK",1008,5832.31,-12364.44,-18196.75
"BJ Energy","ONPEAK",1008,9199.645,1022.35,-8177.295
"BJ Energy","ONPEAK",1008,329.185,-541.61,-870.795
"BJ Energy","ONPEAK",1008,5905.395,497.7,-5407.695
"BJ Energy","ONPEAK",1008,-330.936,-375.504,-44.567997
"BJ Energy","ONPEAK",1008,664.644,1077.66,413.016
"BJ Energy","ONPEAK",1008,1428.99,2694.15,1265.16
"BJ Energy","ONPEAK",1008,1228.794,1716.918,488.124
"BJ Energy","ONPEAK",1008,33.9,10606.58,10572.68
"BJ Energy","ONPEAK",1008,4747.08,1462.76,-3284.32
"BJ Energy","ONPEAK",1008,-561.12,150.18001,711.3
"BJ Energy","ONPEAK",1008,915.76,-482.52,-1398.28
"BJ Energy","ONPEAK",1008,1032.352,458.624,-573.728
"BJ Energy","ONPEAK",1008,654.852,-292.919,-947.771
"BJ Energy","ONPEAK",1008,558.985,424.805,-134.18001
"BJ Energy","ONPEAK",1008,2329.756,976.052,-1353.704
"BJ Energy","ONPEAK",1008,2384.735,1175.699,-1209.036
"BJ Energy","ONPEAK",1008,-819.45,443.01,1262.46
"BJ Energy","ONPEAK",1008,-1752.645,-7993.665,-6241.02
"BJ Energy","ONPEAK",1008,-905.755,-3102.665,-2196.91
"BJ Energy","ONPEAK",1008,-836.085,-3213.955,-2377.87
"BJ Energy","ONPEAK",1008,-1214.295,-2391.135,-1176.84
"BJ Energy","ONPEAK",1008,949.05,2139.825,1190.775
"BJ Energy","ONPEAK",1008,2011.488,5311.8,3300.312
"BJ Energy","ONPEAK",1008,2386.149,10545.009,8158.86
"BJ Energy","ONPEAK",1008,-10919.32,-147.12,10772.2
"BJ Energy","ONPEAK",1008,-7897.484,1359.96,9257.444
"BJ Energy","ONPEAK",1008,1122.17,119.73501,-1002.435
"BJ Energy","ONPEAK",1008,1469.95,171.05,-1298.9
"BJ Energy","ONPEAK",1008,302.7,-55.48,-358.18
"BJ Energy","ONPEAK",1008,0.0,17.569988,17.569988
"BJ Energy","ONPEAK",1008,1473.32,-984.02,-2457.34
"BJ Energy","ONPEAK",1008,901.08,-8417.97,-9319.05
"BJ Energy","ONPEAK",1008,1255.908,-976.38,-2232.288
"BJ Energy","ONPEAK",1008,-2230.24,37.440014,2267.68
"BJ Energy","ONPEAK",1008,-2345.895,21.249002,2367.144
"BJ Energy","ONPEAK",1008,-479.1,0.0,479.1
"BJ Energy","ONPEAK",1008,6064.325,5473.102,-591.223
"BJ Energy","ONPEAK",1008,12447.825,11234.262,-1213.563
"BJ Energy","ONPEAK",1008,4468.45,4032.812,-435.638
"BJ Energy","ONPEAK",1008,2425.424,2245.344,-180.08
"BJ Energy","ONPEAK",1008,3721.88,1551.072,-2170.808
"BJ Energy","ONPEAK",1008,-2065.14,-10837.455,-8772.315
"BJ Energy","ONPEAK",1008,-137.908,-817.396,-679.488
"BJ Energy","ONPEAK",1008,-1615.872,-6480.952,-4865.08
"BJ Energy","ONPEAK",1008,-1907.668,-5546.618,-3638.95
"BJ Energy","ONPEAK",1008,-1.4,-1.0499966,0.35000336
"BJ Energy","ONPEAK",1008,1522.147,6599.23,5077.083
"BJ Energy","ONPEAK",1008,1692.33,-443.55002,-2135.8801
"BJ Energy","ONPEAK",1008,4488.18,-8838.12,-13326.3
"BJ Energy","ONPEAK",1008,0.0,16.450006,16.450006
"BJ Energy","ONPEAK",1008,-65.08,0.0,65.08
"BJ Energy","ONPEAK",1008,-770.22,0.0,770.22
"BJ Energy","ONPEAK",1008,-65.08,0.0,65.08
"BJ Energy","ONPEAK",1008,2018.37,3001.42,983.05
"BJ Energy","ONPEAK",1008,-770.22,0.0,770.22
"BJ Energy","ONPEAK",1008,-2486.45,761.41,3247.86
"BJ Energy","ONPEAK",1008,3117.051,8100.648,4983.597
"BJ Energy","ONPEAK",1008,3945.096,3456.696,-488.4
"BJ Energy","ONPEAK",1008,785.16,-1285.83,-2070.99
"BJ Energy","ONPEAK",1008,460.74,-441.768,-902.508
"BJ Energy","ONPEAK",1008,527.81,3721.99,3194.18
"BJ Energy","ONPEAK",1008,1346.31,-8775.0,-10121.31
"BJ Energy","ONPEAK",1008,1209.956,1003.893,-206.063
"BJ Energy","ONPEAK",1008,1192.0,-2299.12,-3491.12
"BJ Energy","ONPEAK",1008,30.3,-767.025,-797.325
"BJ Energy","ONPEAK",1008,2463.93,8505.574,6041.644
"BJ Energy","ONPEAK",1008,2667.852,-1180.14,-3847.992
"BJ Energy","ONPEAK",1008,1685.235,-897.69,-2582.925
"BJ Energy","ONPEAK",1008,5982.482,-3530.914,-9513.396
"BJ Energy","ONPEAK",1008,1182.15,-1871.445,-3053.595
"BJ Energy","ONPEAK",1008,3583.086,-4865.757,-8448.843
"BJ Energy","ONPEAK",1008,-14650.635,-6346.845,8303.79
"BJ Energy","ONPEAK",1008,-4707.296,-2346.464,2360.832
"BJ Energy","ONPEAK",1008,-2984.145,-1701.51,1282.635
"BJ Energy","ONPEAK",1008,-4181.73,887.10004,5068.83
"BJ Energy","ONPEAK",1008,-2486.53,192.204,2678.734
"BJ Energy","ONPEAK",1008,2196.96,1868.52,-328.44
"BJ Energy","ONPEAK",1008,652.935,1276.2,623.265
"BJ Energy","ONPEAK",1008,2784.623,5019.72,2235.097
"BJ Energy","ONPEAK",1008,4566.176,9985.906,5419.73
"BJ Energy","ONPEAK",1008,3225.6,8053.15,4827.55
"BJ Energy","ONPEAK",1008,-1720.448,778.896,2499.344
"BJ Energy","ONPEAK",1008,-189.858,551.718,741.576
"BJ Energy","ONPEAK",1008,1174.771,-490.217,-1664.988
"BJ Energy","ONPEAK",1008,0.0,0.0,0.0
"BJ Energy","ONPEAK",1008,1552.661,-30.934996,-1583.596
"BJ Energy","ONPEAK",1008,4495.24,-110.289986,-4605.53
"BJ Energy","ONPEAK",1008,2469.472,-794.72,-3264.192
"BJ Energy","ONPEAK",1008,1894.42,-1819.923,-3714.343
"BJ Energy","ONPEAK",1008,2284.6,175.40005,-2109.2
"BJ Energy","ONPEAK",1008,-32.72,-33.339993,-0.6199942
"BJ Energy","ONPEAK",1008,4865.14,-2332.998,-7198.138
"BJ Energy","ONPEAK",1008,5652.2,-4291.247,-9943.447
"BJ Energy","ONPEAK",1008,2299.2,-1745.592,-4044.792
"BJ Energy","ONPEAK",1008,1014.18,-1090.995,-2105.175
"BJ Energy","ONPEAK",1008,351.15,75.840004,-275.31
"BJ Energy","ONPEAK",1008,447.582,4004.322,3556.74
"BJ Energy","ONPEAK",1008,54.54,-120.329994,-174.87
"BJ Energy","ONPEAK",1008,252.876,22.848001,-230.028
"BJ Energy","ONPEAK",1008,168.584,15.232001,-153.352
"BJ Energy","ONPEAK",1008,279.76,4687.54,4407.78
"BJ Energy","ONPEAK",1008,3363.72,4741.425,1377.705
"BJ Energy","ONPEAK",1008,2101.92,430.816,-1671.104
"BJ Energy","ONPEAK",1008,-2563.29,-12209.22,-9645.93
"BJ Energy","ONPEAK",1008,2515.52,950.88,-1564.64
"BJ Energy","ONPEAK",1008,122.445,101.88,-20.564999
"BJ Energy","ONPEAK",1008,0.0,0.7499896,0.7499896
"BJ Energy","ONPEAK",1008,538.14,1146.36,608.22003
"BJ Energy","ONPEAK",1008,0.0,7.170006,7.170006
"BJ Energy","ONPEAK",1008,0.0,7.4400043,7.4400043
"BJ Energy","ONPEAK",1008,4675.9,11964.9,7289.0
"BJ Energy","ONPEAK",1008,441.48,-200.76,-642.24
"BJ Energy","ONPEAK",1008,282.615,138.985,-143.63
"BJ Energy","ONPEAK",1008,355.992,-58.216,-414.208
"BJ Energy","ONPEAK",1008,183.04,-0.26000312,-183.3
"BJ Energy","ONPEAK",1008,-7.905,-75.869995,-67.965
"BJ Energy","ONPEAK",1008,-1143.4,-6540.8,-5397.4
"BJ Energy","ONPEAK",1008,303.27,-326.61,-629.88
"BJ Energy","ONPEAK",1008,482.589,-44.198997,-526.788
"BJ Energy","ONPEAK",1008,459.495,-3.464997,-462.96
"BJ Energy","ONPEAK",1008,498.165,528.975,30.810005
"BJ Energy","ONPEAK",1008,-596.85,-798.885,-202.035
"BJ Energy","ONPEAK",1008,-638.46,-1065.27,-426.81
"BJ Energy","ONPEAK",1008,-329.56,-9109.28,-8779.72
"BJ Energy","ONPEAK",1008,-1676.06,-3441.24,-1765.18
"BJ Energy","ONPEAK",1008,-319.14,-3446.19,-3127.05
"BJ Energy","ONPEAK",1008,-278.68,445.16,723.84
"BJ Energy","ONPEAK",1008,-182.05,14.9500065,197.0
"BJ Energy","ONPEAK",1008,301.938,-50.239,-352.177
"BJ Energy","ONPEAK",1008,146.0,-224.57,-370.57
"BJ Energy","ONPEAK",1008,-128.43,-2.9400034,125.49
"BJ Energy","ONPEAK",1008,-120.96,-2.2800019,118.68
"BJ Energy","ONPEAK",1008,-123.62,-5.1100097,118.50999
"BJ Energy","ONPEAK",1008,-63.2,-11.680021,51.519978
"BJ Energy","ONPEAK",1008,41.904,-0.57600194,-42.480003
"BJ Energy","ONPEAK",1008,-26.224,-1.296002,24.927998
"BJ Energy","ONPEAK",1008,-102.24,-6.48001,95.75999
"BJ Energy","ONPEAK",1008,359.04,158.49,-200.55
"BJ Energy","ONPEAK",1008,490.44,108.135,-382.305
"BJ Energy","ONPEAK",1008,268.151,-98.722,-366.873
"BJ Energy","ONPEAK",1008,44.424,0.69300014,-43.731
"BJ Energy","ONPEAK",1008,479.715,108.135,-371.58
"BJ Energy","ONPEAK",1008,-10.725,0.0,10.725
"BJ Energy","ONPEAK",1008,338.504,-129.09799,-467.602
"BJ Energy","ONPEAK",1008,366.21,109.29,-256.91998
"BJ Energy","ONPEAK",1008,-57.24,0.0,57.24
"BJ Energy","ONPEAK",1008,-343.24,32.91999,376.16
"BJ Energy","ONPEAK",1008,-95.34,-148.42,-53.080006
"BJ Energy","ONPEAK",1008,-175.0,-371.05002,-196.05
"BJ Energy","ONPEAK",1008,-630.147,9.057998,639.205
"BJ Energy","ONPEAK",1008,-601.72,-4.2450013,597.475
"BJ Energy","ONPEAK",1008,892.794,506.422,-386.372
"BJ Energy","ONPEAK",1008,123.31,4.180014,-119.12999
"BJ Energy","ONPEAK",1008,136.52,-4.839991,-141.35999
"BJ Energy","ONPEAK",1008,845.6,-9824.22,-10669.82
"BJ Energy","ONPEAK",1008,1547.86,247.40001,-1300.46
"BJ Energy","ONPEAK",1008,344.74,-1491.2,-1835.9401
"BJ Energy","ONPEAK",1008,1547.86,247.40001,-1300.46
"BJ Energy","ONPEAK",1008,-3438.1,-871.68,2566.42
"BJ Energy","ONPEAK",1008,1562.626,109.954,-1452.672
"BJ Energy","ONPEAK",1008,1978.45,-488.65002,-2467.1
"BJ Energy","ONPEAK",1008,8934.92,2100.2,-6834.72
"BJ Energy","ONPEAK",1008,679.44,-246.12001,-925.56
"BJ Energy","ONPEAK",1008,420.0,0.0,-420.0
"BJ Energy","ONPEAK",1008,626.18,-246.12001,-872.3
"BJ Energy","ONPEAK",1008,-167.4,354.6,522.0
"BJ Energy","ONPEAK",1008,471.255,622.47003,151.215
"BJ Energy","ONPEAK",1008,221.9,-373.74,-595.64
"BJ Energy","ONPEAK",1008,1986.98,-294.72,-2281.7
"BJ Energy","ONPEAK",1008,-120.525,-343.815,-223.29
"BJ Energy","ONPEAK",1008,108.27,-380.505,-488.775
"BJ Energy","ONPEAK",1008,626.879,-251.416,-878.295
"BJ Energy","ONPEAK",1008,4328.32,-5111.6,-9439.92
"BJ Energy","ONPEAK",1008,1014.76,348.04,-666.72
"BJ Energy","ONPEAK",1008,1385.655,-186.75,-1572.405
"BJ Energy","ONPEAK",1008,546.86,-62.25,-609.11
"BJ Energy","ONPEAK",1008,1390.432,354.68,-1035.752
"BJ Energy","ONPEAK",1008,-748.9,-677.95,70.94999
"BJ Energy","ONPEAK",1008,-273.81,-406.77002,-132.96
"BJ Energy","ONPEAK",1008,650.485,-250.514,-900.999
"BJ Energy","ONPEAK",1008,876.96,336.525,-540.435
"BJ Energy","ONPEAK",1008,-379.544,149.941,529.485
"BJ Energy","ONPEAK",1008,-1507.04,1456.72,2963.76
"BJ Energy","ONPEAK",1008,3629.934,-5194.629,-8824.563
"BJ Energy","ONPEAK",1008,2099.25,-2623.55,-4722.8
"BJ Energy","ONPEAK",1008,-48.8,-70.65,-21.850002
"BJ Energy","ONPEAK",1008,39.04,56.520004,17.480003
"BJ Energy","ONPEAK",1008,232.32,14.340004,-217.98
"BJ Energy","ONPEAK",1008,318.03,14.340004,-303.69
"BJ Energy","ONPEAK",1008,232.32,14.340004,-217.98
"BJ Energy","ONPEAK",1008,207.218,-200.299,-407.517
"BJ Energy","ONPEAK",1008,1151.487,353.826,-797.661
"BJ Energy","ONPEAK",1008,-323.76,-294.948,28.811998
"BJ Energy","ONPEAK",1008,-365.094,-636.768,-271.674
"BJ Energy","ONPEAK",1008,-484.78,-888.6,-403.82
"BJ Energy","ONPEAK",1008,819.795,281.445,-538.35
"BJ Energy","ONPEAK",1008,752.535,779.565,27.029999
"BJ Energy","ONPEAK",1008,739.47,50.85001,-688.62
"BJ Energy","ONPEAK",1008,1118.182,697.658,-420.524
"BJ Energy","ONPEAK",1008,1027.39,-2926.196,-3953.586
"BJ Energy","ONPEAK",1008,1215.1,-3215.6,-4430.7
"BJ Energy","ONPEAK",1008,705.122,-392.876,-1097.998
"BJ Energy","ONPEAK",1008,395.157,3013.563,2618.406
"BJ Energy","ONPEAK",1008,1549.92,9528.84,7978.92
"BJ Energy","ONPEAK",1008,890.88,292.66,-598.22003
"BJ Energy","ONPEAK",1008,2205.24,25322.04,23116.8
"BJ Energy","ONPEAK",1008,39.54,-3173.96,-3213.5
"BJ Energy","ONPEAK",1008,0.0,0.0,0.0
"BJ Energy","ONPEAK",1008,96.08,-100.200005,-196.28
"BJ Energy","ONPEAK",1008,1137.8,-9633.6,-10771.4
"BJ Energy","ONPEAK",1008,-241.92,0.0,241.92
"BJ Energy","ONPEAK",1008,-149.055,-1400.7,-1251.645
"BJ Energy","ONPEAK",1008,-3178.65,-1974.65,1204.0
"BJ Energy","ONPEAK",1008,-134.295,-1815.36,-1681.065
"BJ Energy","ONPEAK",1008,-358.12,-4840.96,-4482.84
"BJ Energy","ONPEAK",1008,347.93,73.766,-274.164
"BJ Energy","ONPEAK",1008,553.5,0.0,-553.5
"BJ Energy","ONPEAK",1008,-115.14,0.0,115.14
"BJ Energy","ONPEAK",1008,-104.98,0.0,104.98
"BJ Energy","ONPEAK",1008,66.42,0.0,-66.42
"BJ Energy","ONPEAK",1008,109.725,0.0,-109.725
"BJ Energy","ONPEAK",1008,-807.48,254.27,1061.75
"BJ Energy","ONPEAK",1008,-241.92,0.0,241.92
"BJ Energy","ONPEAK",1008,-247.98,0.0,247.98
"BJ Energy","ONPEAK",1008,-241.92,0.0,241.92
"BJ Energy","ONPEAK",1008,198.48,38.705,-159.775
"BJ Energy","ONPEAK",1008,-1064.37,-14779.63,-13715.26
"BJ Energy","ONPEAK",1008,0.0,0.0,0.0
"BJ Energy","ONPEAK",1008,420.9,918.66,497.75998
"BJ Energy","ONPEAK",1008,-283.71,-4005.27,-3721.56
"BJ Energy","ONPEAK",1008,199.4,2296.64,2097.24
"BJ Energy","ONPEAK",1008,-6.12,-2883.62,-2877.5
"BJ Energy","ONPEAK",1008,-372.484,-370.972,1.512003
"BJ Energy","ONPEAK",1008,1455.2,2322.55,867.35004
"BJ Energy","ONPEAK",1008,1062.36,-5560.44,-6622.8
"BJ Energy","ONPEAK",1008,6336.132,-25578.023,-31914.156
"BJ Energy","ONPEAK",1008,0.0,0.0,0.0
"BJ Energy","ONPEAK",1008,-712.532,15357.28,16069.812
"BJ Energy","ONPEAK",1008,-178.88,24919.36,25098.24
"BJ Energy","ONPEAK",1008,1341.2,-48532.96,-49874.16
"BJ Energy","ONPEAK",1008,709.956,-7983.82,-8693.776
"BJ Energy","ONPEAK",1008,894.624,-5283.648,-6178.272
"BJ Energy","ONPEAK",1008,599.4,-2701.96,-3301.36
"BJ Energy","ONPEAK",1008,-181.44,0.0,181.44
"BJ Energy","ONPEAK",1008,-125.73,0.0,125.73
"BJ Energy","ONPEAK",1008,-125.73,0.0,125.73
"BJ Energy","ONPEAK",1008,-181.44,0.0,181.44
"BJ Energy","ONPEAK",1008,1545.03,456.3,-1088.73
"BJ Energy","ONPEAK",1008,1508.4,-1870.17,-3378.57
"BJ Energy","ONPEAK",1008,1944.4,-3116.95,-5061.35
"BJ Energy","ONPEAK",1008,-106.36,0.0,106.36
"BJ Energy","ONPEAK",1008,-164.25,0.0,164.25
"BJ Energy","ONPEAK",1008,-106.36,0.0,106.36
"BJ Energy","ONPEAK",1008,46.464,0.0,-46.464
"BJ Energy","ONPEAK",1008,1470.381,3017.278,1546.897
"BJ Energy","ONPEAK",1008,-68.06,-23.899998,44.160004
"BJ Energy","ONPEAK",1008,-175.23,-50.295,124.935
"BJ Energy","ONPEAK",1008,2435.876,-1357.208,-3793.084
"BJ Energy","ONPEAK",1008,1525.35,-1071.48,-2596.83
"BJ Energy","ONPEAK",1008,-1745.88,13525.26,15271.14
"BJ Energy","ONPEAK",1008,0.0,36.699997,36.699997
"BJ Energy","ONPEAK",1008,-1072.72,1077.7,2150.42
"BJ Energy","ONPEAK",1008,-30.345,0.0,30.345
"BJ Energy","ONPEAK",1008,0.0,0.0,0.0
"BJ Energy","ONPEAK",1008,65.295,-386.385,-451.68
"BJ Energy","ONPEAK",1008,57.63,3381.315,3323.685
"BJ Energy","ONPEAK",1008,1085.1,-110.04,-1195.14
"BJ Energy","ONPEAK",1008,2482.185,62.07,-2420.115
"BJ Energy","ONPEAK",1008,349.8,-5.4240007,-355.224
"BJ Energy","ONPEAK",1008,329.567,-48.195004,-377.762
"BJ Energy","ONPEAK",1008,469.28,680.66,211.38
"BJ Energy","ONPEAK",1008,5604.97,4465.545,-1139.4249
"BJ Energy","ONPEAK",1008,2671.741,2138.141,-533.6
"BJ Energy","ONPEAK",1008,27.42,-400.24,-427.66
"BJ Energy","ONPEAK",1008,145.035,255.735,110.700005
"BJ Energy","ONPEAK",1008,27.435,-1158.855,-1186.29
"BJ Energy","ONPEAK",1008,346.409,13.005,-333.404
"BJ Energy","ONPEAK",1008,538.048,253.16,-284.888
"BJ Energy","ONPEAK",1008,668.75,301.05,-367.7
"BJ Energy","ONPEAK",1008,-852.56,4838.12,5690.68
"BJ Energy","ONPEAK",1008,86.38,0.0,-86.38
"BJ Energy","ONPEAK",1008,0.0,0.0,0.0
"BJ Energy","ONPEAK",1008,-325.717,247.163,572.88
"BJ Energy","ONPEAK",1008,536.375,179.284,-357.091
"BJ Energy","ONPEAK",1008,431.5,150.715,-280.785
"BJ Energy","ONPEAK",1008,536.375,179.284,-357.091
"BJ Energy","ONPEAK",1008,431.5,150.715,-280.785
"BJ Energy","ONPEAK",1008,26.84,-127.52,-154.36
"BJ Energy","ONPEAK",1008,216.0,10017.54,9801.54
"BJ Energy","ONPEAK",1008,177.696,-1.6739994,-179.37
"BJ Energy","ONPEAK",1008,421.026,-4.164002,-425.19
"BJ Energy","ONPEAK",1008,294.943,-3.8720038,-298.815
"BJ Energy","ONPEAK",1008,387.125,184.58499,-202.54001
"BJ Energy","ONPEAK",1008,212.07,-4.980012,-217.05002
"BJ Energy","ONPEAK",1008,228.76,-8.560002,-237.32
"BJ Energy","ONPEAK",1008,1355.32,-33.17001,-1388.49
"BJ Energy","ONPEAK",1008,35.34,-36.750004,-72.090004
"BJ Energy","ONPEAK",1008,-291.69,29.42999,321.12
"BJ Energy","ONPEAK",1008,-160.0,65.39998,225.39998
"BJ Energy","ONPEAK",1008,-194.49,-11.429999,183.06
"BJ Energy","ONPEAK",1008,-8.16,-14.280002,-6.120002
"BJ Energy","ONPEAK",1008,163.371,-18.096004,-181.46701
"BJ Energy","ONPEAK",1008,-118.08,-2.310001,115.77
"BJ Energy","ONPEAK",1008,151.89,3293.43,3141.54
"BJ Energy","ONPEAK",1008,-129.68,-28.319996,101.36001
"BJ Energy","ONPEAK",1008,185.248,5326.64,5141.392
"BJ Energy","ONPEAK",1008,109.96,-0.03999744,-110.0
"BJ Energy","ONPEAK",1008,0.0,0.0,0.0
"BJ Energy","ONPEAK",1008,-198.57,0.0,198.57
"BJ Energy","ONPEAK",1008,-264.33,0.0,264.33
"BJ Energy","ONPEAK",1008,-264.33,0.0,264.33
"BJ Energy","ONPEAK",1008,-264.33,0.0,264.33
"BJ Energy","ONPEAK",1008,622.8,-82.98001,-705.78
"BJ Energy","ONPEAK",1008,10.42,38.42,27.999998
"BJ Energy","ONPEAK",1008,-184.84,-663.96,-479.12
"BJ Energy","ONPEAK",1008,18.78,-256.19998,-274.97998
"BJ Energy","ONPEAK",1008,400.265,-49.096004,-449.361
"BJ Energy","ONPEAK",1008,24.64,-0.84000224,-25.480001
"BJ Energy","ONPEAK",1008,32.745,-0.45000145,-33.195
"BJ Energy","ONPEAK",1008,896.1,84.299965,-811.80005
"BJ Energy","ONPEAK",1008,100.95,25.28999,-75.66001
"BJ Energy","ONPEAK",1008,-90.52,-1.6800045,88.84
"BJ Energy","ONPEAK",1008,70.32,10065.81,9995.49
"BJ Energy","ONPEAK",1008,290.766,-3.906003,-294.672
"BJ Energy","ONPEAK",1008,1237.584,-15.903012,-1253.487
"BJ Energy","ONPEAK",1008,388.025,-102.13501,-490.16
"BJ Energy","ONPEAK",1008,-850.458,40.558,891.016
"BJ Energy","ONPEAK",1008,-1443.7,-243.72,1199.98
"BJ Energy","ONPEAK",1008,47.19,3.629997,-43.56
"BJ Energy","ONPEAK",1008,186.048,-3.5529954,-189.601
"BJ Energy","ONPEAK",1008,295.394,-4.597994,-299.992
"BJ Energy","ONPEAK",1008,547.2,-10.449986,-557.64996
"BJ Energy","ONPEAK",1008,664.65,-13.370011,-678.02
"BJ Energy","ONPEAK",1008,-372.5,-3.899996,368.6
"BJ Energy","ONPEAK",1008,45.662,167.892,122.23
"BJ Energy","ONPEAK",1008,810.94,-38.115993,-849.05597
"BJ Energy","ONPEAK",1008,109.425,10.005,-99.42
"BJ Energy","ONPEAK",1008,197.25,19.619999,-177.63
"BJ Energy","ONPEAK",1008,394.86,-42.179993,-437.03998
"BJ Energy","ONPEAK",1008,200.9,-16.660002,-217.56
"BJ Energy","ONPEAK",1008,641.745,-46.371006,-688.116
"BJ Energy","ONPEAK",1008,897.904,2023.896,1125.992
"BJ Energy","ONPEAK",1008,803.068,84.79602,-718.272
"BJ Energy","ONPEAK",1008,453.747,-526.194,-979.941
"BJ Energy","ONPEAK",1008,773.3,-1283.4,-2056.7
"BJ Energy","ONPEAK",1008,319.088,-14.207988,-333.296
"BJ Energy","ONPEAK",1008,412.02,-23.03998,-435.05997
"BJ Energy","ONPEAK",1008,45.975,0.40499783,-45.570004
"BJ Energy","ONPEAK",1008,-118.7,-16.450006,102.24999
"BJ Energy","ONPEAK",1008,180.33,50.69999,-129.63
"BJ Energy","ONPEAK",1008,-40.4,-16.000002,24.4
"BJ Energy","ONPEAK",1008,621.18,-29.000002,-650.18
"BJ Energy","ONPEAK",1008,127.777,10.725001,-117.052
"BJ Energy","ONPEAK",1008,62.97,-1.7999904,-64.76999
"BJ Energy","ONPEAK",1008,122.0,-1.9199866,-123.91998
"BJ Energy","ONPEAK",1008,-158.84,19.159998,178.0
"BJ Energy","ONPEAK",1008,-596.4,57.479996,653.88
"BJ Energy","ONPEAK",1008,-198.8,14.36,213.16
"BJ Energy","ONPEAK",1008,-1879.0,-9.560002,1869.44
"BJ Energy","ONPEAK",1008,130.044,-20.412,-150.456
"BJ Energy","ONPEAK",1008,174.54,-12.210008,-186.75
"BJ Energy","ONPEAK",1008,199.68,-1563.38,-1763.06
"BJ Energy","ONPEAK",1008,463.05,-1082.34,-1545.39
"BJ Energy","ONPEAK",1008,71.0,17.08,-53.92
"BJ Energy","ONPEAK",1008,589.768,1.2799978,-588.488
"BJ Energy","ONPEAK",1008,202.86,1.0499978,-201.81
"BJ Energy","ONPEAK",1008,-699.09,-10099.92,-9400.83
"BJ Energy","ONPEAK",1008,-91.74,-10106.91,-10015.17
"BJ Energy","ONPEAK",1008,736.728,690.54,-46.188004
"BJ Energy","ONPEAK",1008,446.16,125.439995,-320.72
"BJ Energy","ONPEAK",1008,-14.931,-180.728,-165.797
"BJ Energy","ONPEAK",1008,-1784.28,-24142.92,-22358.64
"BJ Energy","ONPEAK",1008,-679.52,-8047.64,-7368.12
"BJ Energy","ONPEAK",1008,499.8,-9087.5,-9587.3
"BJ Energy","ONPEAK",1008,-216.176,-1473.2,-1257.024
"BJ Energy","ONPEAK",1008,1907.99,-3715.18,-5623.17
"BJ Energy","ONPEAK",1008,-297.38,-4023.82,-3726.44
"BJ Energy","ONPEAK",1008,30.68,5.359991,-25.32001
"BJ Energy","ONPEAK",1008,67.545,-2613.57,-2681.115
"BJ Energy","ONPEAK",1008,-136.56,-3656.4,-3519.84
"BJ Energy","ONPEAK",1008,-1449.762,-16957.693,-15507.932
"BJ Energy","ONPEAK",1008,-430.46,-2965.56,-2535.1
"BJ Energy","ONPEAK",1008,-1268.145,-1413.9,-145.755
"BJ Energy","ONPEAK",1008,76.14,-1423.02,-1499.16
"BJ Energy","ONPEAK",1008,-52.78,-2302.12,-2249.34
"BJ Energy","ONPEAK",1008,854.364,0.0,-854.364
"BJ Energy","ONPEAK",1008,908.106,0.0,-908.106
"BJ Energy","ONPEAK",1008,237.832,2816.674,2578.842
"BJ Energy","ONPEAK",1008,290.46,4026.5,3736.04
"BJ Energy","ONPEAK",1008,327.118,4426.202,4099.084
"BJ Energy","ONPEAK",1008,3780.224,-6875.072,-10655.296
"BJ Energy","ONPEAK",1008,-381.14,-2968.24,-2587.1
"BJ Energy","ONPEAK",1008,-242.355,-5.984999,236.37
"BJ Energy","ONPEAK",1008,194.493,-14.5599985,-209.053
"BJ Energy","ONPEAK",1008,-638.12,469.0,1107.12
"BJ Energy","ONPEAK",1008,170.84,13450.6,13279.76
"BJ Energy","ONPEAK",1008,-227.9,167.5,395.4
"BJ Energy","ONPEAK",1008,-503.2,48.22,551.42
"BJ Energy","ONPEAK",1008,19.5,-204.59999,-224.09999
"BJ Energy","ONPEAK",1008,50.775,-3.555001,-54.33
"BJ Energy","ONPEAK",1008,124.32,-3.555001,-127.875
"BJ Energy","ONPEAK",1008,-1243.32,-18.139997,1225.18
"BJ Energy","ONPEAK",1008,-26.94,0.7800029,27.720003
"BJ Energy","ONPEAK",1008,106.81,-20.295,-127.105
"BJ Energy","ONPEAK",1008,-28.11,0.0,28.11
"BJ Energy","ONPEAK",1008,-41.025,0.0,41.025
"BJ Energy","ONPEAK",1008,-41.025,0.0,41.025
"BJ Energy","ONPEAK",1008,-28.11,0.0,28.11
"BJ Energy","ONPEAK",1008,-28.11,0.0,28.11
"BJ Energy","ONPEAK",1008,-41.025,0.0,41.025
"BJ Energy","ONPEAK",1008,-28.11,0.0,28.11
"BJ Energy","ONPEAK",1008,-41.025,0.0,41.025
"BJ Energy","ONPEAK",1008,209.925,-49.788002,-259.713
"BJ Energy","ONPEAK",1008,59.28,-11.058001,-70.338
"BJ Energy","ONPEAK",1008,466.5,-110.64001,-577.14
"BJ Energy","ONPEAK",1008,-41.025,0.0,41.025
"BJ Energy","ONPEAK",1008,-28.11,0.0,28.11
"BJ Energy","ONPEAK",1008,-28.11,0.0,28.11
"BJ Energy","ONPEAK",1008,-41.025,0.0,41.025
"BJ Energy","ONPEAK",1008,359.17,-5.7260003,-364.896
"BJ Energy","ONPEAK",1008,384.21,9.719996,-374.49
"BJ Energy","ONPEAK",1008,653.9,21.059992,-632.84
"BJ Energy","ONPEAK",1008,799.4,4.872024,-794.52795
"BJ Energy","ONPEAK",1008,221.74,1.7400086,-219.99998
"BJ Energy","ONPEAK",1008,170.752,-0.63199973,-171.384
"BJ Energy","ONPEAK",1008,-195.0,18.36,213.36
"BJ Energy","ONPEAK",1008,402.5,75.69999,-326.80002
"BJ Energy","ONPEAK",1008,186.24,-0.05999232,-186.29999
"BJ Energy","ONPEAK",1008,-426.55,7.2999935,433.85
"BJ Energy","ONPEAK",1008,774.664,193.105,-581.559
"BJ Energy","ONPEAK",1008,4557.28,-1463.98,-6021.26
"BJ Energy","ONPEAK",1008,-426.55,7.2999935,433.85
"BJ Energy","ONPEAK",1008,1427.76,273.5,-1154.26
"BJ Energy","ONPEAK",1008,-478.975,-106.84499,372.13
"BJ Energy","ONPEAK",1008,1595.886,286.368,-1309.518
"BJ Energy","ONPEAK",1008,749.64,150.72,-598.92
"BJ Energy","ONPEAK",1008,58.5,-135.81,-194.31
"BJ Energy","ONPEAK",1008,68.634,-159.156,-227.79001
"BJ Energy","ONPEAK",1008,-1268.145,-1413.9,-145.755
"BJ Energy","ONPEAK",1008,667.76,-13194.38,-13862.14
"BJ Energy","ONPEAK",1008,327.18,-3929.03,-4256.21
"BJ Energy","ONPEAK",1008,-173.985,-56.22,117.765
"BJ Energy","ONPEAK",1008,0.0,0.0,0.0
"BJ Energy","ONPEAK",1008,0.0,0.0,0.0
"BJ Energy","ONPEAK",1008,1839.24,-175.77602,-2015.016
"BJ Energy","ONPEAK",1008,667.359,-65.91601,-733.275
"BJ Energy","ONPEAK",1008,-459.435,3831.48,4290.915
"BJ Energy","ONPEAK",1008,-413.715,3873.015,4286.73
"BJ Energy","ONPEAK",1008,0.0,0.0,0.0
"BJ Energy","ONPEAK",1008,1109.304,5682.558,4573.254
"BJ Energy","ONPEAK",1008,-459.435,3831.48,4290.915
"BJ Energy","ONPEAK",1008,-608.573,2696.365,3304.938
"BJ Energy","ONPEAK",1008,-608.559,2673.125,3281.684
"BJ Energy","ONPEAK",1008,0.0,0.0,0.0
"BJ Energy","ONPEAK",1008,238.02,24.120005,-213.9
"BJ Energy","ONPEAK",1008,35.21,246.32999,211.12
"BJ Energy","ONPEAK",1008,0.0,0.0,0.0
"BJ Energy","ONPEAK",1008,0.0,0.0,0.0
"BJ Energy","ONPEAK",1008,0.0,0.0,0.0
"BJ Energy","ONPEAK",1008,8.1,-13.050003,-21.150003
"BJ Energy","ONPEAK",1008,1172.743,7834.567,6661.824
"BJ Energy","ONPEAK",1008,-451.11,969.65,1420.76
"BJ Energy","ONPEAK",1008,-79.56,176.3,255.86
"BJ Energy","ONPEAK",1008,378.984,462.978,83.993996
"BJ Energy","ONPEAK",1008,-315.401,-224.45099,90.950005
"BJ Energy","ONPEAK",1008,0.0,-0.4800096,-0.4800096
"BJ Energy","ONPEAK",1008,157.718,-58.058,-215.776
"BJ Energy","ONPEAK",1008,-0.48,-721.31995,-720.83997
"BJ Energy","ONPEAK",1008,226.38,-152.99998,-379.38
"BJ Energy","ONPEAK",1008,537.612,-456.60098,-994.21295
"BJ Energy","ONPEAK",1008,0.0,-0.4800096,-0.4800096
"BJ Energy","ONPEAK",1008,230.88,13.780003,-217.09999
"BJ Energy","ONPEAK",1008,433.181,137.769,-295.412
"BJ Energy","ONPEAK",1008,-240.0,0.0,240.0
"BJ Energy","ONPEAK",1008,192.264,18.048002,-174.216
"BJ Energy","ONPEAK",1008,240.561,-63.549,-304.11002
"BJ Energy","ONPEAK",1008,220.05,-31.319998,-251.37
"BJ Energy","ONPEAK",1008,113.72,56.039993,-57.680004
"BJ Energy","ONPEAK",1008,747.408,1297.89,550.482
"BJ Energy","ONPEAK",1008,-474.57,-442.83,31.740002
"BJ Energy","ONPEAK",1008,-15.09,-732.15,-717.06
"BJ Energy","ONPEAK",1008,-56.4,208.89,265.29
"BJ Energy","ONPEAK",1008,-1.62,-732.54,-730.92
"BJ Energy","ONPEAK",1008,179.928,-2905.742,-3085.67
"BJ Energy","ONPEAK",1008,218.7,-4395.24,-4613.94
"BJ Energy","ONPEAK",1008,-250.88,52.400005,303.28
"BJ Energy","ONPEAK",1008,326.2,50.900005,-275.3
"BJ Energy","ONPEAK",1008,825.0,55.990005,-769.01
"BJ Energy","ONPEAK",1008,0.0,0.0,0.0
"BJ Energy","ONPEAK",1008,107.58,39.480003,-68.1
"BJ Energy","ONPEAK",1008,664.913,62.41601,-602.497
"BJ Energy","ONPEAK",1008,213.69,22.560003,-191.12999
"BJ Energy","ONPEAK",1008,408.561,38.352005,-370.20898
"BJ Energy","ONPEAK",1008,111.3,199.64,88.34
"BJ Energy","ONPEAK",1008,-249.405,32.385,281.79
"BJ Energy","ONPEAK",1008,111.64,199.39,87.75
"BJ Energy","ONPEAK",1008,-353.92,3110.56,3464.48
"BJ Energy","ONPEAK",1008,-4.2,589.02,593.22003
"BJ Energy","ONPEAK",1008,-1407.874,-74.282,1333.592
"BJ Energy","ONPEAK",1008,-1426.08,-268.2,1157.88
"BJ Energy","ONPEAK",1008,177.72,-64.35,-242.06999
"BJ Energy","ONPEAK",1008,-247.48,0.0,247.48
"BJ Energy","ONPEAK",1008,-241.92,0.0,241.92
"BJ Energy","ONPEAK",1008,176.775,178.155,1.3799998
"BJ Energy","ONPEAK",1008,85.428,47.904,-37.524002
"BJ Energy","ONPEAK",1008,136.467,78.597,-57.870003
"BJ Energy","ONPEAK",1008,169.834,124.81,-45.024002
"BJ Energy","ONPEAK",1008,71.8,2063.3,1991.5
"BJ Energy","ONPEAK",1008,-6.2,147.72,153.92
"BJ Energy","ONPEAK",1008,44.093,134.491,90.398
"BJ Energy","ONPEAK",1008,-10.04,11.4,21.439999
"BJ Energy","ONPEAK",1008,172.14,-100.635,-272.775
"BJ Energy","ONPEAK",1008,234.175,-114.053,-348.228
"BJ Energy","ONPEAK",1008,110.2,-53.672,-163.872
"BJ Energy","ONPEAK",1008,319.68,-180.441,-500.121
"BJ Energy","ONPEAK",1008,345.074,-145.841,-490.915
"BJ Energy","ONPEAK",1008,-150.99,-25.23,125.76
"BJ Energy","ONPEAK",1008,119.26,-188.02,-307.28
"BJ Energy","ONPEAK",1008,603.78,135.72,-468.06
"BJ Energy","ONPEAK",1008,37.62,293.48,255.86
"BJ Energy","ONPEAK",1008,-0.72,0.0,0.72
"BJ Energy","ONPEAK",1008,-74.79,0.0,74.79
"BJ Energy","ONPEAK",1008,-74.79,0.0,74.79
"BJ Energy","ONPEAK",1008,-0.72,0.0,0.72
"BJ Energy","ONPEAK",1008,-74.79,0.0,74.79
"BJ Energy","ONPEAK",1008,0.04,0.0,-0.04
"BJ Energy","ONPEAK",1008,293.01,-34.72,-327.73
"BJ Energy","ONPEAK",1008,-579.915,-114.415,465.5
"BJ Energy","ONPEAK",1008,-347.9,33.53,381.43
"BJ Energy","ONPEAK",1008,-295.05,660.17,955.22
"BJ Energy","ONPEAK",1008,202.62,-251.73,-454.35
"BJ Energy","ONPEAK",1008,267.33,-32.744995,-300.07498
"BJ Energy","ONPEAK",1008,177.15,6.050016,-171.09999
"BJ Energy","ONPEAK",1008,165.249,67.858,-97.391
"BJ Energy","ONPEAK",1008,2687.227,1001.718,-1685.509
"BJ Energy","ONPEAK",1008,-70.86,-2.4200065,68.439995
"BJ Energy","ONPEAK",1008,493.511,41.753,-451.758
"BJ Energy","ONPEAK",1008,242.046,237.321,-4.725
"BJ Energy","ONPEAK",1008,-107.4,-149.04002,-41.640022
"BJ Energy","ONPEAK",1008,-180.0,0.0,180.0
"BJ Energy","ONPEAK",1008,266.664,-89.50298,-356.167
"BJ Energy","ONPEAK",1008,-491.68,0.0,491.68
"BJ Energy","ONPEAK",1008,-230.48,4.840013,235.32
"BJ Energy","ONPEAK",1008,-33.48,-119.03999,-85.56
"BJ Energy","ONPEAK",1008,340.289,-289.34,-629.62897
"BJ Energy","ONPEAK",1008,0.0,0.52,0.52
"BJ Energy","ONPEAK",1008,-38.7,0.52,39.22
"BJ Energy","ONPEAK",1008,0.0,0.52,0.52
"BJ Energy","ONPEAK",1008,-38.7,0.52,39.22
"BJ Energy","ONPEAK",1008,-38.7,0.52,39.22
"BJ Energy","ONPEAK",1008,0.0,0.52,0.52
"BJ Energy","ONPEAK",1008,0.0,0.52,0.52
"BJ Energy","ONPEAK",1008,-38.7,0.52,39.22
"BJ Energy","ONPEAK",1008,-38.7,0.52,39.22
"BJ Energy","ONPEAK",1008,0.0,0.52,0.52
"BJ Energy","ONPEAK",1008,0.0,0.52,0.52
"BJ Energy","ONPEAK",1008,-38.7,0.52,39.22
"BJ Energy","ONPEAK",1008,-218.943,71.379,290.322
"BJ Energy","ONPEAK",1008,0.0,0.52,0.52
"BJ Energy","ONPEAK",1008,-38.7,0.52,39.22
"BJ Energy","ONPEAK",1008,0.0,0.52,0.52
"BJ Energy","ONPEAK",1008,-38.7,0.52,39.22
"BJ Energy","ONPEAK",1008,0.0,0.52,0.52
"BJ Energy","ONPEAK",1008,-38.7,0.52,39.22
"BJ Energy","ONPEAK",1008,-38.7,0.52,39.22
"BJ Energy","ONPEAK",1008,0.0,0.52,0.52
"BJ Energy","ONPEAK",1008,0.0,0.52,0.52
"BJ Energy","ONPEAK",1008,-38.7,0.52,39.22
"BJ Energy","ONPEAK",1008,0.0,0.52,0.52
"BJ Energy","ONPEAK",1008,-38.7,0.52,39.22
"BJ Energy","ONPEAK",1008,37.62,293.48,255.86
"BJ Energy","ONPEAK",1008,1524.04,-2615.76,-4139.8
"BJ Energy","ONPEAK",1008,498.61,-1588.14,-2086.75
"BJ Energy","ONPEAK",1008,116.056,0.11200128,-115.944
"BJ Energy","ONPEAK",1008,118.305,-0.26099813,-118.566
"BJ Energy","ONPEAK",1008,-149.8,-1.1999917,148.6
"BJ Energy","ONPEAK",1008,0.06,-0.8999938,-0.9599938
"BJ Energy","ONPEAK",1008,26.43,405.06,378.63
"BJ Energy","ONPEAK",1008,284.07,228.84,-55.230003
"BJ Energy","ONPEAK",1008,1403.25,-547.75,-1951.0
"BJ Energy","ONPEAK",1008,843.03,-372.46997,-1215.5
"BJ Energy","ONPEAK",1008,-511.62,-457.13998,54.48001
"BJ Energy","ONPEAK",1008,-197.16,181.62,378.78
"BJ Energy","ONPEAK",1008,26.46,153.42,126.96
"BJ Energy","ONPEAK",1008,128.249,-74.602,-202.851
"BJ Energy","ONPEAK",1008,31.176,217.432,186.256
"BJ Energy","ONPEAK",1008,28.168,227.64,199.472
"BJ Energy","ONPEAK",1008,-326.9,-387.9,-61.000004
"BJ Energy","ONPEAK",1008,530.649,-559.314,-1089.963
"BJ Energy","ONPEAK",1008,635.4,8023.68,7388.28
"BJ Energy","ONPEAK",1008,210.0,-329.87997,-539.87994
"BJ Energy","ONPEAK",1008,436.86,-371.11496,-807.975
"BJ Energy","ONPEAK",1008,-52.95,2.7300005,55.68
"BJ Energy","ONPEAK",1008,181.571,14.326001,-167.245
"BJ Energy","ONPEAK",1008,-276.4,-87.44,188.95999
"BJ Energy","ONPEAK",1008,-155.16,-26.52,128.64
"BJ Energy","ONPEAK",1008,232.26,-0.00000576,-232.26001
"BJ Energy","ONPEAK",1008,237.5,289.44998,51.949993
"BJ Energy","ONPEAK",1008,119.94,173.67,53.729996
"BJ Energy","ONPEAK",1008,559.64,-1470.3301,-2029.97
"BJ Energy","ONPEAK",1008,173.22,100.5,-72.72
"BJ Energy","ONPEAK",1008,45.505,-171.46,-216.965
"BJ Energy","ONPEAK",1008,310.8,855.78,544.98
"BJ Energy","ONPEAK",1008,45.505,-171.46,-216.965
"BJ Energy","ONPEAK",1008,384.448,342.528,-41.91999
"BJ Energy","ONPEAK",1008,212.265,-61.185,-273.45
"BJ Energy","ONPEAK",1008,110.565,2.850001,-107.715
"BJ Energy","ONPEAK",1008,183.204,-1.3320025,-184.536
"BJ Energy","ONPEAK",1008,1828.38,-57.96998,-1886.35
"BJ Energy","ONPEAK",1008,86.6,12.439999,-74.16
"BJ Energy","ONPEAK",1008,27.96,0.0,-27.96
"BJ Energy","ONPEAK",1008,55.594,-95.004,-150.59799
"BJ Energy","ONPEAK",1008,212.8,-30.23999,-243.04
"BJ Energy","ONPEAK",1008,-16.38,-52.44,-36.059998
"BJ Energy","ONPEAK",1008,235.44,-30.240004,-265.68
"BJ Energy","ONPEAK",1008,526.79,-36.960003,-563.75
"BJ Energy","ONPEAK",1008,223.95,-29.879993,-253.83
"BJ Energy","ONPEAK",1008,424.049,-11.593995,-435.643
"BJ Energy","ONPEAK",1008,419.132,-10.471996,-429.604
"BJ Energy","ONPEAK",1008,213.96,8.580001,-205.38
"BJ Energy","ONPEAK",1008,372.78,37.319996,-335.46
"BJ Energy","ONPEAK",1008,317.55,31.099998,-286.45
"BJ Energy","ONPEAK",1008,-100.65,-21.689993,78.96001
"BJ Energy","ONPEAK",1008,0.09,-65.06998,-65.15998
"BJ Energy","ONPEAK",1008,-27.51,-37.754997,-10.244998
"BJ Energy","ONPEAK",1008,-14.38,-14.719996,-0.3399965
"BJ Energy","ONPEAK",1008,-40.2,-22.079994,18.120005
"BJ Energy","ONPEAK",1008,10.9,-36.79999,-47.69999
"BJ Energy","ONPEAK",1008,215.55,-2.1600006,-217.71
"BJ Energy","ONPEAK",1008,-31.2,222.2,253.4
"BJ Energy","ONPEAK",1008,-295.632,-639.28796,-343.656
"BJ Energy","ONPEAK",1008,-40.88,-1173.48,-1132.6
"BJ Energy","ONPEAK",1008,-57.47,10.815,68.284996
"BJ Energy","ONPEAK",1008,362.672,-45.808,-408.48
"BJ Energy","ONPEAK",1008,455.5,-638.45,-1093.95
"BJ Energy","ONPEAK",1008,-2184.375,1655.34,3839.715
"BJ Energy","ONPEAK",1008,-1533.75,335.63998,1869.39
"BJ Energy","ONPEAK",1008,-8428.2,305.72,8733.92
"BJ Energy","ONPEAK",1008,121.15,-3717.1,-3838.25
"BJ Energy","ONPEAK",1008,-467.28,-1364.85,-897.57
"BJ Energy","ONPEAK",1008,72.35,259.49,187.14
"BJ Energy","ONPEAK",1008,-2685.216,1445.224,4130.44
"BJ Energy","ONPEAK",1008,4094.08,-83.16001,-4177.24
"BJ Energy","ONPEAK",1008,1263.288,-27.027004,-1290.3151
"BJ Energy","ONPEAK",1008,18827.385,2122.68,-16704.705
"BJ Energy","ONPEAK",1008,-467.32,1298.227,1765.547
"BJ Energy","ONPEAK",1008,114.84,82.04,-32.8
"BJ Energy","ONPEAK",1008,57.66,6.1950045,-51.464996
"BJ Energy","ONPEAK",1008,-1474.5,-1830.18,-355.68002
"BJ Energy","ONPEAK",1008,65.06,0.0,-65.06
"BJ Energy","ONPEAK",1008,2626.3,5963.86,3337.56
"BJ Energy","ONPEAK",1008,3664.365,6609.645,2945.28
"BJ Energy","ONPEAK",1008,1893.6,-49.79199,-1943.392
"BJ Energy","ONPEAK",1008,63.04,288.12,225.08
"BJ Energy","ONPEAK",1008,753.16,-942.16,-1695.32
"BJ Energy","ONPEAK",1008,47.28,216.09,168.81
"BJ Energy","ONPEAK",1008,-747.966,-1685.016,-937.05
"BJ Energy","ONPEAK",1008,12.855,-558.0,-570.855
"BJ Energy","ONPEAK",1008,-67.179,-777.59503,-710.416
"BJ Energy","ONPEAK",1008,-164.92,0.0,164.92
"BJ Energy","ONPEAK",1008,-164.92,0.0,164.92
"BJ Energy","ONPEAK",1008,210.84,1837.86,1627.02
"BJ Energy","ONPEAK",1008,802.005,1499.055,697.05
"BJ Energy","ONPEAK",1008,0.0,0.0,0.0
"BJ Energy","ONPEAK",1008,364.1,-694.39996,-1058.5
"BJ Energy","ONPEAK",1008,-34.72,-277.76,-243.04
"BJ Energy","ONPEAK",1008,-192.2,-20.650015,171.54999
"BJ Energy","ONPEAK",1008,328.042,-305.459,-633.501
"BJ Energy","ONPEAK",1008,1852.643,-43.159992,-1895.803
"BJ Energy","ONPEAK",1008,-384.979,-419.58,-34.601
"BJ Energy","ONPEAK",1008,-384.979,-419.58,-34.601
"BJ Energy","ONPEAK",1008,-384.979,-419.58,-34.601
"BJ Energy","ONPEAK",1008,-384.979,-419.58,-34.601
"BJ Energy","ONPEAK",1008,-384.979,-419.58,-34.601
"BJ Energy","ONPEAK",1008,1563.31,-4295.48,-5858.79
"BJ Energy","ONPEAK",1008,390.6,-1867.6,-2258.2
"BJ Energy","ONPEAK",1008,-399.28,0.0,399.28
"BJ Energy","ONPEAK",1008,-533.92,0.0,533.92
"BJ Energy","ONPEAK",1008,-265.68,-1587.9,-1322.22
"BJ Energy","ONPEAK",1008,1516.56,-1271.0,-2787.56
"BJ Energy","ONPEAK",1008,1351.92,-953.25,-2305.17
"BJ Energy","ONPEAK",1008,4.5,-38.699993,-43.199993
"BJ Energy","ONPEAK",1008,5.2,-42.999992,-48.199993
"BJ Energy","ONPEAK",1008,35.85,169.74,133.89
"BJ Energy","ONPEAK",1008,0.0,0.0,0.0
"BJ Energy","ONPEAK",1008,-2431.8,-4551.26,-2119.46
"BJ Energy","ONPEAK",1008,-404.715,-146.475,258.24
"BJ Energy","ONPEAK",1008,2520.217,1508.906,-1011.311
"BJ Energy","ONPEAK",1008,4563.08,7629.84,3066.76
"BJ Energy","ONPEAK",1008,434.605,97.29,-337.315
"BJ Energy","ONPEAK",1008,1234.968,752.208,-482.76
"BJ Energy","ONPEAK",1008,82.28,222.14,139.86
"BJ Energy","ONPEAK",1008,1642.564,1477.014,-165.55002
"BJ Energy","ONPEAK",1008,117.52,-174.36,-291.88
"BJ Energy","ONPEAK",1008,2274.615,-12.914998,-2287.53
"BJ Energy","ONPEAK",1008,498.05,78.674995,-419.375
"BJ Energy","ONPEAK",1008,-955.86,-2693.19,-1737.33
"BJ Energy","ONPEAK",1008,-72.9,-1517.685,-1444.785
"BJ Energy","ONPEAK",1008,558.8,-2565.86,-3124.66
"BJ Energy","ONPEAK",1008,421.876,142.562,-279.314
"BJ Energy","ONPEAK",1008,541.008,189.832,-351.176
"BJ Energy","ONPEAK",1008,-1054.74,-834.93,219.81
"BJ Energy","ONPEAK",1008,1104.576,1868.616,764.04
"BJ Energy","ONPEAK",1008,-211.56,9.164996,220.72499
"BJ Energy","ONPEAK",1008,-333.56,48.23999,381.8
"BJ Energy","ONPEAK",1008,-211.56,9.164996,220.72499
"BJ Energy","ONPEAK",1008,-214.98,-41.66,173.31999
"BJ Energy","ONPEAK",1008,-266.46,-5.6400037,260.82
"BJ Energy","ONPEAK",1008,-214.98,29.74,244.72
"BJ Energy","ONPEAK",1008,-409.612,-26.109997,383.502
"BJ Energy","ONPEAK",1008,326.6,134.52,-192.07999
"BJ Energy","ONPEAK",1008,367.85,168.15001,-199.7
"BJ Energy","ONPEAK",1008,357.656,-125.410995,-483.067
"BJ Energy","ONPEAK",1008,216.24,-609.69,-825.93
"BJ Energy","ONPEAK",1008,-1231.845,-1900.53,-668.685
"BJ Energy","ONPEAK",1008,-7352.304,906.36,8258.664
"BJ Energy","ONPEAK",1008,-600.63,-166.48,434.15
"BJ Energy","ONPEAK",1008,512.415,-13.680004,-526.09503
"BJ Energy","ONPEAK",1008,512.415,-13.680004,-526.09503
"BJ Energy","ONPEAK",1008,512.415,-13.680004,-526.09503
"BJ Energy","ONPEAK",1008,-417.627,-849.978,-432.351
"BJ Energy","ONPEAK",1008,-2973.804,-620.331,2353.473
"BJ Energy","ONPEAK",1008,382.82,-506.2,-889.02
"BJ Energy","ONPEAK",1008,-1135.38,1036.4,2171.78
"BJ Energy","ONPEAK",1008,-1135.38,1036.4,2171.78
"BJ Energy","ONPEAK",1008,-1379.323,-38.258,1341.065
"BJ Energy","ONPEAK",1008,-1432.981,-7.7659974,1425.215
"BJ Energy","ONPEAK",1008,-2147.715,1215.78,3363.495
"BJ Energy","ONPEAK",1008,-546.045,1960.53,2506.575
"BJ Energy","ONPEAK",1008,-546.045,1960.53,2506.575
"BJ Energy","ONPEAK",1008,-897.18,1335.645,2232.825
"BJ Energy","ONPEAK",1008,6252.21,14496.48,8244.27
"BJ Energy","ONPEAK",1008,-546.045,1960.53,2506.575
"BJ Energy","ONPEAK",1008,-988.708,354.389,1343.097
"BJ Energy","ONPEAK",1008,2139.332,86.45,-2052.882
"BJ Energy","ONPEAK",1008,1299.82,48.16,-1251.66
"BJ Energy","ONPEAK",1008,371.73,460.944,89.214005
"BJ Energy","ONPEAK",1008,723.327,670.841,-52.486
"BJ Energy","ONPEAK",1008,228.078,-31.625996,-259.704
"BJ Energy","ONPEAK",1008,593.4,722.59503,129.195
"BJ Energy","ONPEAK",1008,-163.68,87.765,251.445
"BJ Energy","ONPEAK",1008,173.45,-90.2,-263.65
"BJ Energy","ONPEAK",1008,-552.895,-151.02,401.875
"BJ Energy","ONPEAK",1008,-434.885,278.995,713.88
"BJ Energy","ONPEAK",1008,-1050.225,-703.875,346.35
"BJ Energy","ONPEAK",1008,-1402.11,-3765.15,-2363.04
"BJ Energy","ONPEAK",1008,692.865,351.018,-341.847
"BJ Energy","ONPEAK",1008,-1851.552,-77.936,1773.616
"BJ Energy","ONPEAK",1008,1335.09,1732.94,397.85
"BJ Energy","ONPEAK",1008,1735.352,1989.912,254.56
"BJ Energy","ONPEAK",1008,1006.056,2106.18,1100.124
"BJ Energy","ONPEAK",1008,754.542,1579.635,825.093
"BJ Energy","ONPEAK",1008,1760.598,3685.815,1925.217
"BJ Energy","ONPEAK",1008,1389.06,1784.88,395.82
"BJ Energy","ONPEAK",1008,1433.83,1824.66,390.83
"BJ Energy","ONPEAK",1008,1419.53,1812.57,393.04
"BJ Energy","ONPEAK",1008,-2381.9,2804.9,5186.8
"BJ Energy","ONPEAK",1008,876.356,1005.974,129.618
"BJ Energy","ONPEAK",1008,-504.405,-65.214,439.191
"BJ Energy","ONPEAK",1008,-1433.46,361.26,1794.72
"BJ Energy","ONPEAK",1008,-2016.06,-925.14,1090.92
"BJ Energy","ONPEAK",1008,-383.6,-2344.74,-1961.14
"BJ Energy","ONPEAK",1008,326.46,97.06,-229.4
"BJ Energy","ONPEAK",1008,326.46,97.06,-229.4
"BJ Energy","ONPEAK",1008,236.44,181.84,-54.600002
"BJ Energy","ONPEAK",1008,-1845.18,-1078.08,767.1
"BJ Energy","ONPEAK",1008,-2035.68,-908.76,1126.92
"BJ Energy","ONPEAK",1008,-489.04,492.62,981.66
"BJ Energy","ONPEAK",1008,-957.22,-340.56,616.66
"BJ Energy","ONPEAK",1008,-2417.52,529.2,2946.72
"BJ Energy","ONPEAK",1008,726.66,688.64,-38.020004
"BJ Energy","ONPEAK",1008,-505.449,-191.061,314.388
"BJ Energy","ONPEAK",1008,-469.86,-230.16,239.7
"BJ Energy","ONPEAK",1008,-385.92,-2624.4,-2238.48
"BJ Energy","ONPEAK",1008,324.14,-182.6,-506.74
"BJ Energy","ONPEAK",1008,324.14,-182.6,-506.74
"BJ Energy","ONPEAK",1008,234.12,-97.82,-331.94
"BJ Energy","ONPEAK",1008,-491.36,212.95999,704.32
"BJ Energy","ONPEAK",1008,-587.58,-1212.21,-624.63
"BJ Energy","ONPEAK",1008,601.365,-402.42,-1003.785
"BJ Energy","ONPEAK",1008,483.48,420.73502,-62.745
"BJ Energy","ONPEAK",1008,337.085,-775.628,-1112.713
"BJ Energy","ONPEAK",1008,-1098.63,-831.66,266.97
"BJ Energy","ONPEAK",1008,428.805,243.405,-185.4
"BJ Energy","ONPEAK",1008,1642.176,978.66,-663.516
"BJ Energy","ONPEAK",1008,-1747.018,4100.726,5847.744
"BJ Energy","ONPEAK",1008,-0.56,579.68,580.24
"BJ Energy","ONPEAK",1008,521.01,501.15,-19.860004
"BJ Energy","ONPEAK",1008,819.165,739.74,-79.425
"BJ Energy","ONPEAK",1008,727.44,789.15,61.710003
"BJ Energy","ONPEAK",1008,-1080.474,488.659,1569.1329
"BJ Energy","ONPEAK",1008,-300.36,1023.285,1323.645
"BJ Energy","ONPEAK",1008,312.7,1608.38,1295.68
"BJ Energy","ONPEAK",1008,-0.12,-2.2000046,-2.0800045
"BJ Energy","ONPEAK",1008,-190.005,1073.73,1263.735
"BJ Energy","ONPEAK",1008,-611.933,-343.581,268.352
"BJ Energy","ONPEAK",1008,347.5,252.355,-95.145004
"BJ Energy","ONPEAK",1008,389.774,-32.249,-422.023
"BJ Energy","ONPEAK",1008,421.65,-528.02997,-949.68
"BJ Energy","ONPEAK",1008,374.8,-470.504,-845.304
"BJ Energy","ONPEAK",1008,-1381.74,-1147.3,234.44
"BJ Energy","ONPEAK",1008,-1434.804,122.696,1557.5
"BJ Energy","ONPEAK",1008,-1533.696,382.776,1916.472
"BJ Energy","ONPEAK",1008,-1609.3,512.67,2121.97
"BJ Energy","ONPEAK",1008,324.945,354.79498,29.849997
"BJ Energy","ONPEAK",1008,-1578.465,134.708,1713.173
"BJ Energy","ONPEAK",1008,-1953.48,334.395,2287.875
"BJ Energy","ONPEAK",1008,-2135.055,474.615,2609.67
"BJ Energy","ONPEAK",1008,-277.228,287.658,564.886
"BJ Energy","ONPEAK",1008,-99.6,124.64,224.24
"BJ Energy","ONPEAK",1008,-250.4,623.2,873.60004
"BJ Energy","ONPEAK",1008,714.12,-93.23999,-807.36
"BJ Energy","ONPEAK",1008,-11.145,-75.33,-64.185
"BJ Energy","ONPEAK",1008,153.2,-130.28,-283.48
"BJ Energy","ONPEAK",1008,461.94,-122.22,-584.16
"BJ Energy","ONPEAK",1008,139.29,-49.665,-188.955
"BJ Energy","ONPEAK",1008,-727.65,-227.06999,500.58
"BJ Energy","ONPEAK",1008,-839.88,-235.30501,604.575
"BJ Energy","ONPEAK",1008,446.42,73.759995,-372.66
"BJ Energy","ONPEAK",1008,721.66,457.76,-263.9
"BJ Energy","ONPEAK",1008,283.78,-27.800003,-311.58002
"BJ Energy","ONPEAK",1008,-329.752,28.848,358.6
"BJ Energy","ONPEAK",1008,-33.9,21.16,55.059998
"BJ Energy","ONPEAK",1008,-79.98,14.075997,94.056
"BJ Energy","ONPEAK",1008,-272.395,-133.565,138.83
"BJ Energy","ONPEAK",1008,-272.395,-133.565,138.83
"BJ Energy","ONPEAK",1008,-55.88,944.76,1000.64
"BJ Energy","ONPEAK",1008,-45.0,2246.45,2291.45
"BJ Energy","ONPEAK",1008,-567.8,702.52,1270.32
"BJ Energy","ONPEAK",1008,-1037.66,472.36002,1510.02
"BJ Energy","ONPEAK",1008,-5763.78,2988.04,8751.82
"BJ Energy","ONPEAK",1008,-890.46,-118.02,772.44
"BJ Energy","ONPEAK",1008,-534.16,1286.9401,1821.1
"BJ Energy","ONPEAK",1008,-3155.98,-686.02,2469.96
"BJ Energy","ONPEAK",1008,-1454.06,968.54,2422.6
"BJ Energy","ONPEAK",1008,-406.032,530.068,936.1
"BJ Energy","ONPEAK",1008,-4571.72,1821.4401,6393.16
"BJ Energy","ONPEAK",1008,-442.44,3062.73,3505.17
"BJ Energy","ONPEAK",1008,-411.24,3028.92,3440.16
"BJ Energy","ONPEAK",1008,-411.24,3028.92,3440.16
"BJ Energy","ONPEAK",1008,-435.39,3057.03,3492.42
"BJ Energy","ONPEAK",1008,-405.581,1289.607,1695.188
"BJ Energy","ONPEAK",1008,402.38,790.0,387.62
"BJ Energy","ONPEAK",1008,5165.336,241.661,-4923.675
"BJ Energy","ONPEAK",1008,-2439.96,-377.115,2062.845
"BJ Energy","ONPEAK",1008,1181.34,-1522.74,-2704.08
"BJ Energy","ONPEAK",1008,-1241.064,273.933,1514.997
"BJ Energy","ONPEAK",1008,-1241.064,273.933,1514.997
"BJ Energy","ONPEAK",1008,301.905,653.43,351.525
"BJ Energy","ONPEAK",1008,549.68,938.5,388.82
"BJ Energy","ONPEAK",1008,-274.736,277.711,552.447
"BJ Energy","ONPEAK",1008,-2330.87,-384.33,1946.54
"BJ Energy","ONPEAK",1008,-2869.44,2993.22,5862.66
"BJ Energy","ONPEAK",1008,248.88,1405.0599,1156.18
"BJ Energy","ONPEAK",1008,270.27,18.764992,-251.505
"BJ Energy","ONPEAK",1008,-863.7,-1907.98,-1044.28
"BJ Energy","ONPEAK",1008,-187.52,65.399994,252.92
"BJ Energy","ONPEAK",1008,-945.84,401.562,1347.402
"BJ Energy","ONPEAK",1008,-325.725,326.97,652.695
"BJ Energy","ONPEAK",1008,786.075,989.97003,203.895
"BJ Energy","ONPEAK",1008,412.845,1634.13,1221.285
"BJ Energy","ONPEAK",1008,412.845,1636.275,1223.43
"BJ Energy","ONPEAK",1008,412.845,1636.275,1223.43
"BJ Energy","ONPEAK",1008,4850.436,141.92899,-4708.507
"BJ Energy","ONPEAK",1008,775.755,266.4,-509.355
"BJ Energy","ONPEAK",1008,402.38,822.0,419.62
"BJ Energy","ONPEAK",1008,402.38,822.0,419.62
"BJ Energy","ONPEAK",1008,-1745.64,2987.92,4733.56
"BJ Energy","ONPEAK",1008,-576.16,2734.88,3311.04
"BJ Energy","ONPEAK",1008,492.8,-18.810024,-511.61002
"BJ Energy","ONPEAK",1008,29.88,2033.58,2003.7
"BJ Energy","ONPEAK",1008,267.246,-4.1020017,-271.348
"BJ Energy","ONPEAK",1008,-187.94,0.0,187.94
"BJ Energy","ONPEAK",1008,-249.6,0.0,249.6
"BJ Energy","ONPEAK",1008,-249.6,0.0,249.6
"BJ Energy","ONPEAK",1008,256.374,-2.637001,-259.011
"BJ Energy","ONPEAK",1008,246.9,1472.92,1226.02
"BJ Energy","ONPEAK",1008,256.374,-3.7350004,-260.109
"BJ Energy","ONPEAK",1008,-126.92,1497.2,1624.12
"BJ Energy","ONPEAK",1008,-605.208,-779.024,-173.816
"BJ Energy","ONPEAK",1008,-388.89,464.55,853.44
"BJ Energy","ONPEAK",1008,530.409,211.684,-318.725
"BJ Energy","ONPEAK",1008,-1064.976,45.760002,1110.736
"BJ Energy","ONPEAK",1008,-226.134,39.711994,265.846
"BJ Energy","ONPEAK",1008,581.097,564.795,-16.302002
"BJ Energy","ONPEAK",1008,-4931.41,-11756.25,-6824.84
"BJ Energy","ONPEAK",1008,-3823.38,-74.14001,3749.24
"BJ Energy","ONPEAK",1008,747.04,1325.46,578.42
"BJ Energy","ONPEAK",1008,287.916,665.664,377.748
"BJ Energy","ONPEAK",1008,-932.84,436.48,1369.32
"BJ Energy","ONPEAK",1008,182.733,35.411,-147.322
"BJ Energy","ONPEAK",1008,80.31,11.399999,-68.91
"BJ Energy","ONPEAK",1008,415.194,8.475996,-406.71802
"BJ Energy","ONPEAK",1008,-1701.612,-1823.508,-121.895996
"BJ Energy","ONPEAK",1008,-875.46,-1574.61,-699.15
"BJ Energy","ONPEAK",1008,-1100.18,-2077.08,-976.9
"BJ Energy","ONPEAK",1008,-461.3,-2332.02,-1870.72
"BJ Energy","ONPEAK",1008,552.52,-1142.0,-1694.52
"BJ Energy","ONPEAK",1008,-927.06,-1531.95,-604.89
"BJ Energy","ONPEAK",1008,-887.43,-1530.255,-642.825
"BJ Energy","ONPEAK",1008,-999.66,-1538.49,-538.83
"BJ Energy","ONPEAK",1008,186.4,-1815.98,-2002.38
"BJ Energy","ONPEAK",1008,472.665,-1143.975,-1616.64
"BJ Energy","ONPEAK",1008,392.85,-1087.11,-1479.96
"BJ Energy","ONPEAK",1008,393.547,155.155,-238.392
"BJ Energy","ONPEAK",1008,1754.0,-1000.19995,-2754.2
"BJ Energy","ONPEAK",1008,535.92,-400.08,-936.0
"BJ Energy","ONPEAK",1008,-522.53,-167.005,355.525
"BJ Energy","ONPEAK",1008,-526.39,-167.005,359.385
"BJ Energy","ONPEAK",1008,-703.302,-146.508,556.794
"BJ Energy","ONPEAK",1008,-699.666,-144.318,555.348
"BJ Energy","ONPEAK",1008,295.84,846.68,550.84
"BJ Energy","ONPEAK",1008,106.59,-93.57001,-200.16
"BJ Energy","ONPEAK",1008,-431.88,389.992,821.872
"BJ Energy","ONPEAK",1008,-215.715,114.825005,330.54
"BJ Energy","ONPEAK",1008,-684.288,-170.4,513.888
"BJ Energy","ONPEAK",1008,-679.656,-170.4,509.256
"BJ Energy","ONPEAK",1008,-477.66,150.24,627.9
"BJ Energy","ONPEAK",1008,-722.325,1662.06,2384.385
"BJ Energy","ONPEAK",1008,-239.94,1752.375,1992.315
"BJ Energy","ONPEAK",1008,-169.26,-120.495,48.765
"BJ Energy","ONPEAK",1008,35.37,-120.495,-155.865
"BJ Energy","ONPEAK",1008,1145.672,615.868,-529.804
"BJ Energy","ONPEAK",1008,910.05,-3921.06,-4831.11
"BJ Energy","ONPEAK",1008,468.684,251.955,-216.729
"BJ Energy","ONPEAK",1008,-2323.62,13.11,2336.73
"BJ Energy","ONPEAK",1008,-2762.49,-14.864998,2747.625
"BJ Energy","ONPEAK",1008,-2250.075,-28.545002,2221.53
"BJ Energy","ONPEAK",1008,-2323.62,-7.1849985,2316.435
"BJ Energy","ONPEAK",1008,-2287.065,-401.355,1885.71
"BJ Energy","ONPEAK",1008,597.165,1119.045,521.88
"BJ Energy","ONPEAK",1008,648.128,-91.27599,-739.404
"BJ Energy","ONPEAK",1008,177.24,-39.689995,-216.93
"BJ Energy","ONPEAK",1008,516.26,-78.3,-594.56
"BJ Energy","ONPEAK",1008,-90.58,2300.41,2390.99
"BJ Energy","ONPEAK",1008,1083.84,-90.520004,-1174.36
"BJ Energy","ONPEAK",1008,4288.05,3559.95,-728.1
"BJ Energy","ONPEAK",1008,587.47,-76.90799,-664.378
"BJ Energy","ONPEAK",1008,267.514,-472.784,-740.298
"BJ Energy","ONPEAK",1008,71.2,-879.12,-950.32
"BJ Energy","ONPEAK",1008,-158.86,-1301.04,-1142.18
"BJ Energy","ONPEAK",1008,334.626,170.628,-163.998
"BJ Energy","ONPEAK",1008,-587.58,-1212.21,-624.63
"BJ Energy","ONPEAK",1008,-348.11,124.8,472.91
"BJ Energy","ONPEAK",1008,-447.0,166.392,613.392
"BJ Energy","ONPEAK",1008,270.6,840.08,569.48
"BJ Energy","ONPEAK",1008,499.41,-339.012,-838.422
"BJ Energy","ONPEAK",1008,-482.025,-195.855,286.17
"BJ Energy","ONPEAK",1008,-315.59,-35.85998,279.73
"BJ Energy","ONPEAK",1008,-598.84,162.25,761.09
"BJ Energy","ONPEAK",1008,121.54,11.459995,-110.08
"BJ Energy","ONPEAK",1008,-143.76,33.930004,177.69
"BJ Energy","ONPEAK",1008,18.7,16.850008,-1.849992
"BJ Energy","ONPEAK",1008,233.142,-69.048,-302.19
"BJ Energy","ONPEAK",1008,532.92,-131.51999,-664.44
"BJ Energy","ONPEAK",1008,599.633,-42.775,-642.408
"BJ Energy","ONPEAK",1008,446.904,1014.21,567.306
"BJ Energy","ONPEAK",1008,-2440.7,502.13998,2942.84
"BJ Energy","ONPEAK",1008,-2454.16,561.94,3016.1
"BJ Energy","ONPEAK",1008,99.54,-87.87,-187.41
"BJ Energy","ONPEAK",1008,-458.61,144.705,603.315
"BJ Energy","ONPEAK",1008,101.72,436.94,335.22
"BJ Energy","ONPEAK",1008,-348.255,195.15,543.40497
"BJ Energy","ONPEAK",1008,393.075,-1362.795,-1755.87
"BJ Energy","ONPEAK",1008,208.84,390.18,181.34
"BJ Energy","ONPEAK",1008,-3289.0,-4997.8,-1708.8
"BJ Energy","ONPEAK",1008,404.62,-252.86,-657.48
"BJ Energy","ONPEAK",1008,-1345.305,-1206.495,138.81
"BJ Energy","ONPEAK",1008,-458.61,144.705,603.315
"BJ Energy","ONPEAK",1008,-348.255,195.15,543.40497
"BJ Energy","ONPEAK",1008,-2128.545,-3002.04,-873.495
"BJ Energy","ONPEAK",1008,-1441.8,-5212.56,-3770.76
"BJ Energy","ONPEAK",1008,-130.08,0.0,130.08
"BJ Energy","ONPEAK",1008,-101.84,0.0,101.84
"BJ Energy","ONPEAK",1008,1658.137,3603.054,1944.917
"BJ Energy","ONPEAK",1008,-84.96,-760.95,-675.99
"BJ Energy","ONPEAK",1008,84.45,257.58,173.12999
"BJ Energy","ONPEAK",1008,-13.035,-358.365,-345.33002
"BJ Energy","ONPEAK",1008,1.04,0.0,-1.04
"BJ Energy","ONPEAK",1008,0.0,0.0,0.0
"BJ Energy","ONPEAK",1008,260.224,195.312,-64.912
"BJ Energy","ONPEAK",1008,1446.472,68.16,-1378.312
"BJ Energy","ONPEAK",1008,533.88,-2.7600057,-536.64
"BJ Energy","ONPEAK",1008,286.72,496.36,209.64
"BJ Energy","ONPEAK",1008,462.42,-514.06,-976.48
"BJ Energy","ONPEAK",1008,-715.315,-138.11,577.205
"BJ Energy","ONPEAK",1008,15391.56,4904.4,-10487.16
"BJ Energy","ONPEAK",1008,-1510.62,-994.14,516.48
"BJ Energy","ONPEAK",1008,3128.22,289.18802,-2839.032
"BJ Energy","ONPEAK",1008,4310.64,385.584,-3925.056
"BJ Energy","ONPEAK",1008,1911.69,176.72601,-1734.964
"BJ Energy","ONPEAK",1008,177.76,-879.52,-1057.28
"BJ Energy","ONPEAK",1008,353.595,138.15997,-215.43501
"BJ Energy","ONPEAK",1008,0.0,-0.02000064,-0.02000064
"BJ Energy","ONPEAK",1008,-376.52,51.720005,428.24
"BJ Energy","ONPEAK",1008,405.691,1068.881,663.19
"BJ Energy","ONPEAK",1008,514.658,3085.636,2570.978
"BJ Energy","ONPEAK",1008,-312.25,-3180.8,-2868.55
"BJ Energy","ONPEAK",1008,910.752,636.9,-273.852
"BJ Energy","ONPEAK",1008,1900.112,820.064,-1080.048
"BJ Energy","ONPEAK",1008,2085.48,192.792,-1892.688
"BJ Energy","ONPEAK",1008,99.34,-2362.54,-2461.88
"BJ Energy","ONPEAK",1008,247.148,-2598.794,-2845.942
"BJ Energy","ONPEAK",1008,374.85,1403.549,1028.699
"BJ Energy","ONPEAK",1008,82.08,-122.22002,-204.30002
"BJ Energy","ONPEAK",1008,-32.82,40.740005,73.560005
"BJ Energy","ONPEAK",1008,365.76,-581.824,-947.584
"BJ Energy","ONPEAK",1008,397.257,-79.674,-476.931
"BJ Energy","ONPEAK",1008,255.27,-49.17,-304.44
"BJ Energy","ONPEAK",1008,958.594,1249.17,290.576
"BJ Energy","ONPEAK",1008,928.56,-1399.65,-2328.21
"BJ Energy","ONPEAK",1008,1051.396,-282.16202,-1333.558
"BJ Energy","ONPEAK",1008,373.076,-100.100006,-473.176
"BJ Energy","ONPEAK",1008,264.24,74.924995,-189.315
"BJ Energy","ONPEAK",1008,272.016,1299.39,1027.374
"BJ Energy","ONPEAK",1008,2140.385,14076.725,11936.34
"BJ Energy","ONPEAK",1008,531.83,0.0,-531.83
"BJ Energy","ONPEAK",1008,5.8,608.46,602.66003
"BJ Energy","ONPEAK",1008,-37.092,43.538002,80.630005
"BJ Energy","ONPEAK",1008,1223.209,0.0,-1223.209
"BJ Energy","ONPEAK",1008,-1095.534,-4512.51,-3416.976
"BJ Energy","ONPEAK",1008,0.0,0.04000128,0.04000128
"BJ Energy","ONPEAK",1008,-899.754,-3038.892,-2139.138
"BJ Energy","ONPEAK",1008,-349.7,1355.25,1704.95
"BJ Energy","ONPEAK",1008,39.15,938.25,899.1
"BJ Energy","ONPEAK",1008,-8.56,-34.36,-25.8
"BJ Energy","ONPEAK",1008,-3.78,-25.769999,-21.99
"BJ Energy","ONPEAK",1008,212.715,645.453,432.738
"BJ Energy","ONPEAK",1008,39.135,782.19,743.055
"BJ Energy","ONPEAK",1008,-73.95,-1772.25,-1698.3
"BJ Energy","ONPEAK",1008,174.528,529.12,354.592
"BJ Energy","ONPEAK",1008,-1144.668,-2708.592,-1563.924
"BJ Energy","ONPEAK",1008,87.264,264.56,177.296
"BJ Energy","ONPEAK",1008,-169.47,2535.39,2704.8599
"BJ Energy","ONPEAK",1008,-348.46,1971.97,2320.43
"BJ Energy","ONPEAK",1008,207.252,628.33,421.078
"BJ Energy","ONPEAK",1008,1386.36,3229.365,1843.005
"BJ Energy","ONPEAK",1008,-144.424,364.812,509.236
"BJ Energy","ONPEAK",1008,1485.048,6860.048,5375.0
"BJ Energy","ONPEAK",1008,179.588,-1135.782,-1315.37
"BJ Energy","ONPEAK",1008,39.975,1.6950055,-38.279995
"BJ Energy","ONPEAK",1008,1323.74,117.25999,-1206.48
"BJ Energy","ONPEAK",1008,924.903,74.277016,-850.626
"BJ Energy","ONPEAK",1008,2039.964,163.88103,-1876.083
"BJ Energy","ONPEAK",1008,489.07,-201.08,-690.15
"BJ Energy","ONPEAK",1008,615.131,-12.638996,-627.77
"BJ Energy","ONPEAK",1008,2322.446,1161.762,-1160.684
"BJ Energy","ONPEAK",1008,736.84,-125.215996,-862.05597
"BJ Energy","ONPEAK",1008,-11.565,0.0,11.565
"BJ Energy","ONPEAK",1008,-11.565,0.0,11.565
"BJ Energy","ONPEAK",1008,-11.565,0.0,11.565
"BJ Energy","ONPEAK",1008,1127.952,142.416,-985.536
"BJ Energy","ONPEAK",1008,458.01,73.299995,-384.71
"BJ Energy","ONPEAK",1008,302.595,-112.155,-414.75
"BJ Energy","ONPEAK",1008,1120.016,410.512,-709.504
"BJ Energy","ONPEAK",1008,355.42,770.2,414.78
"BJ Energy","ONPEAK",1008,363.68,1848.8,1485.12
"BJ Energy","ONPEAK",1008,349.36,766.55,417.19
"BJ Energy","ONPEAK",1008,349.36,766.55,417.19
"BJ Energy","ONPEAK",1008,-480.38,66.22,546.6
"BJ Energy","ONPEAK",1008,-190.078,0.0,190.078
"BJ Energy","ONPEAK",1008,-190.078,0.0,190.078
"BJ Energy","ONPEAK",1008,-190.078,0.0,190.078
"BJ Energy","ONPEAK",1008,-190.078,0.0,190.078
"BJ Energy","ONPEAK",1008,-190.078,0.0,190.078
"BJ Energy","ONPEAK",1008,-190.078,0.0,190.078
"BJ Energy","ONPEAK",1008,-190.078,0.0,190.078
"BJ Energy","ONPEAK",1008,-190.078,0.0,190.078
"BJ Energy","ONPEAK",1008,-190.078,0.0,190.078
"BJ Energy","ONPEAK",1008,0.0,0.0,0.0
"BJ Energy","ONPEAK",1008,-1029.12,548.92,1578.04
"BJ Energy","ONPEAK",1008,-591.495,313.545,905.04
"BJ Energy","ONPEAK",1008,-180.345,98.145,278.49
"BJ Energy","ONPEAK",1008,-1697.34,-574.425,1122.915
"BJ Energy","ONPEAK",1008,3144.932,1640.996,-1503.936
"BJ Energy","ONPEAK",1008,3350.529,0.0,-3350.529
"BJ Energy","ONPEAK",1008,2785.977,0.0,-2785.977
"BJ Energy","ONPEAK",1008,322.278,994.745,672.467
"BJ Energy","ONPEAK",1008,3087.66,1828.08,-1259.58
"BJ Energy","ONPEAK",1008,726.54,457.02,-269.52
"BJ Energy","ONPEAK",1008,-1906.26,-254.52,1651.74
"BJ Energy","ONPEAK",1008,-308.26,20.08,328.34
"BJ Energy","ONPEAK",1008,325.888,429.008,103.12
"BJ Energy","ONPEAK",1008,-237.63,-334.74,-97.11
"BJ Energy","ONPEAK",1008,303.42,-269.295,-572.715
"BJ Energy","ONPEAK",1008,-734.46,-1299.54,-565.08
"BJ Energy","ONPEAK",1008,-2118.08,1121.6,3239.68
"BJ Energy","ONPEAK",1008,-592.8,-39.064003,553.736
"BJ Energy","ONPEAK",1008,-3945.5,-4407.3,-461.80002
"BJ Energy","ONPEAK",1008,109.36,-1226.144,-1335.504
"BJ Energy","ONPEAK",1008,366.184,3093.402,2727.218
"BJ Energy","ONPEAK",1008,758.126,6057.556,5299.43
"BJ Energy","ONPEAK",1008,726.66,7901.16,7174.5
"BJ Energy","ONPEAK",1008,211.26,1796.85,1585.59
"BJ Energy","ONPEAK",1008,30.435,368.925,338.49
"BJ Energy","ONPEAK",1008,80.094,3626.784,3546.69
"BJ Energy","ONPEAK",1008,0.0,0.0,0.0
"BJ Energy","ONPEAK",1008,31.9,0.0,-31.9
"BJ Energy","ONPEAK",1008,-51.8,494.76,546.56
"BJ Energy","ONPEAK",1008,102.627,190.836,88.209
"BJ Energy","ONPEAK",1008,3394.66,1049.62,-2345.04
"BJ Energy","ONPEAK",1008,-383.96,-100.12,283.84
"BJ Energy","ONPEAK",1008,1689.105,1608.72,-80.384995
"BJ Energy","ONPEAK",1008,-384.87,1227.33,1612.2
"BJ Energy","ONPEAK",1008,10545.38,3853.72,-6691.66
"BJ Energy","ONPEAK",1008,-1175.93,612.094,1788.024
"BJ Energy","ONPEAK",1008,13813.599,5364.42,-8449.179
"BJ Energy","ONPEAK",1008,2437.035,1571.175,-865.86
"BJ Energy","ONPEAK",1008,1544.598,-608.498,-2153.096
"BJ Energy","ONPEAK",1008,2783.52,2431.92,-351.6
"BJ Energy","ONPEAK",1008,1735.14,2104.2,369.06
"BJ Energy","ONPEAK",1008,3798.51,2298.21,-1500.3
"BJ Energy","ONPEAK",1008,-0.99,0.0,0.99
"BJ Energy","ONPEAK",1008,-5900.04,-7114.05,-1214.01
"BJ Energy","ONPEAK",1008,-2281.0,-15809.0,-13528.0
"BJ Energy","ONPEAK",1008,423.312,-590.37604,-1013.688
"BJ Energy","ONPEAK",1008,-4305.064,-379.984,3925.08
"BJ Energy","ONPEAK",1008,-938.41,751.41,1689.82
"BJ Energy","ONPEAK",1008,15024.855,30737.145,15712.29
"BJ Energy","ONPEAK",1008,-808.889,-10312.381,-9503.492
"BJ Energy","ONPEAK",1008,2981.511,-1645.254,-4626.765
"BJ Energy","ONPEAK",1008,1674.42,5153.148,3478.728
"BJ Energy","ONPEAK",1008,10080.04,3558.46,-6521.58
"BJ Energy","ONPEAK",1008,-95.82,0.0,95.82
"BJ Energy","ONPEAK",1008,8560.07,7640.622,-919.448
"BJ Energy","ONPEAK",1008,8503.45,4443.95,-4059.5
"BJ Energy","ONPEAK",1008,248.251,177.565,-70.686005
"BJ Energy","ONPEAK",1008,978.2,2070.36,1092.16
"BJ Energy","ONPEAK",1008,-104.415,-264.765,-160.35
"BJ Energy","ONPEAK",1008,-74.86,-75.72,-0.85999906
"BJ Energy","ONPEAK",1008,-12.94,11.839998,24.779999
"BJ Energy","ONPEAK",1008,2308.68,135.36,-2173.32
"BJ Energy","ONPEAK",1008,802.34,1673.1,870.76
"BJ Energy","ONPEAK",1008,-1072.41,3311.28,4383.69
"BJ Energy","ONPEAK",1008,4924.8,2970.11,-1954.69
"BJ Energy","ONPEAK",1008,456.24,-190.28001,-646.52
"BJ Energy","ONPEAK",1008,1721.448,826.551,-894.897
"BJ Energy","ONPEAK",1008,1925.025,1501.55,-423.475
"BJ Energy","ONPEAK",1008,1616.22,839.32,-776.9
"BJ Energy","ONPEAK",1008,-931.293,744.898,1676.191
"BJ Energy","ONPEAK",1008,-0.12,22.840014,22.960014
"BJ Energy","ONPEAK",1008,2734.323,-3032.1301,-5766.453
"BJ Energy","ONPEAK",1008,2846.34,1458.96,-1387.38
"BJ Energy","ONPEAK",1008,3493.9,1990.0,-1503.9
"BJ Energy","ONPEAK",1008,-1019.62,-4204.27,-3184.65
"BJ Energy","ONPEAK",1008,122.92,-38.519997,-161.44
"BJ Energy","ONPEAK",1008,-2016.63,-7162.65,-5146.02
"BJ Energy","ONPEAK",1008,-1096.732,-106.715,990.017
"BJ Energy","ONPEAK",1008,2036.84,1526.3,-510.54
"BJ Energy","ONPEAK",1008,-539.775,481.69,1021.465
"BJ Energy","ONPEAK",1008,449.184,1066.656,617.472
"BJ Energy","ONPEAK",1008,12888.798,24584.768,11695.97
"BJ Energy","ONPEAK",1008,816.304,596.872,-219.432
"BJ Energy","ONPEAK",1008,517.032,1201.872,684.83997
"BJ Energy","ONPEAK",1008,228.58,254.89,26.31
"BJ Energy","ONPEAK",1008,177.688,208.648,30.959997
"BJ Energy","ONPEAK",1008,3542.084,-1365.234,-4907.318
"BJ Energy","ONPEAK",1008,6056.484,3791.448,-2265.036
"BJ Energy","ONPEAK",1008,-5406.12,1262.08,6668.2
"BJ Energy","ONPEAK",1008,1803.45,737.75,-1065.7
"BJ Energy","ONPEAK",1008,11854.2,9551.525,-2302.675
"BJ Energy","ONPEAK",1008,3603.6,6567.912,2964.312
"BJ Energy","ONPEAK",1008,4757.6,2835.79,-1921.81
"BJ Energy","ONPEAK",1008,1786.361,912.798,-873.563
"BJ Energy","ONPEAK",1008,4003.8,1886.475,-2117.325
"BJ Energy","ONPEAK",1008,2194.059,492.303,-1701.756
"BJ Energy","ONPEAK",1008,8930.32,3844.68,-5085.64
"BJ Energy","ONPEAK",1008,2581.8,941.16,-1640.64
"BJ Energy","ONPEAK",1008,631.918,249.62,-382.298
"BJ Energy","ONPEAK",1008,-2840.115,1131.765,3971.88
"BJ Energy","ONPEAK",1008,-408.08,476.2,884.27997
"BJ Energy","ONPEAK",1008,-1933.47,-482.118,1451.352
"BJ Energy","ONPEAK",1008,-1875.915,1183.695,3059.61
"BJ Energy","ONPEAK",1008,5706.96,-3140.72,-8847.68
"BJ Energy","ONPEAK",1008,-42.62,-56.179996,-13.559998
"BJ Energy","ONPEAK",1008,2862.24,2284.14,-578.1
"BJ Energy","ONPEAK",1008,-1212.5,-2861.06,-1648.56
"BJ Energy","ONPEAK",1008,-1429.974,-3325.419,-1895.445
"BJ Energy","ONPEAK",1008,7381.747,4358.733,-3023.014
"BJ Energy","ONPEAK",1008,8780.85,3344.835,-5436.015
"BJ Energy","ONPEAK",1008,4580.694,2838.402,-1742.292
"BJ Energy","ONPEAK",1008,-23.445,-7.7699957,15.675004
"BJ Energy","ONPEAK",1008,45.28,-10.359995,-55.639996
"BJ Energy","ONPEAK",1008,5262.697,4196.335,-1066.362
"BJ Energy","ONPEAK",1008,5589.961,4555.59,-1034.371
"BJ Energy","ONPEAK",1008,8768.2,4388.44,-4379.76
"BJ Energy","ONPEAK",1008,6240.247,3679.039,-2561.208
"BJ Energy","ONPEAK",1008,528.285,1943.745,1415.46
"BJ Energy","ONPEAK",1008,553.212,187.52798,-365.68402
"BJ Energy","ONPEAK",1008,2473.53,1321.86,-1151.67
"BJ Energy","ONPEAK",1008,666.369,225.88597,-440.48303
"BJ Energy","ONPEAK",1008,2318.375,-1720.825,-4039.2
"BJ Energy","ONPEAK",1008,4824.206,-2652.095,-7476.301
"BJ Energy","ONPEAK",1008,261.666,-878.61597,-1140.282
"BJ Energy","ONPEAK",1008,1959.765,416.92502,-1542.84
"BJ Energy","ONPEAK",1008,872.837,186.96602,-685.871
"BJ Energy","ONPEAK",1008,251.1,47.736004,-203.364
"BJ Energy","ONPEAK",1008,1292.49,-723.78,-2016.27
"BJ Energy","ONPEAK",1008,-383.96,-100.12,283.84
"BJ Energy","ONPEAK",1008,897.072,-639.096,-1536.168
"BJ Energy","ONPEAK",1008,1005.51,-798.87,-1804.38
"BJ Energy","ONPEAK",1008,1173.328,132.314,-1041.014
"BJ Energy","ONPEAK",1008,1116.64,-1783.74,-2900.3801
"BJ Energy","ONPEAK",1008,-3.24,-4586.7603,-4583.52
"BJ Energy","ONPEAK",1008,-767.92,-200.24,567.68
"BJ Energy","ONPEAK",1008,715.974,3641.47,2925.496
"BJ Energy","ONPEAK",1008,-446.175,180.828,627.003
"BJ Energy","ONPEAK",1008,-611.104,18.640003,629.744
"BJ Energy","ONPEAK",1008,-613.683,6.888002,620.571
"BJ Energy","ONPEAK",1008,-179.79,-174.54001,5.2499986
"BJ Energy","ONPEAK",1008,106.29,754.89,648.6
"BJ Energy","ONPEAK",1008,241.029,679.401,438.372
"BJ Energy","ONPEAK",1008,437.5,1761.41,1323.91
"BJ Energy","ONPEAK",1008,544.248,1811.736,1267.488
"BJ Energy","ONPEAK",1008,395.12,4221.56,3826.44
"BJ Energy","ONPEAK",1008,327.64,1808.02,1480.38
"BJ Energy","ONPEAK",1008,181.17,978.92,797.75
"BJ Energy","ONPEAK",1008,-4494.72,-5178.135,-683.415
"BJ Energy","ONPEAK",1008,-297.115,-286.75,10.365
"BJ Energy","ONPEAK",1008,1299.45,344.55002,-954.9
"BJ Energy","ONPEAK",1008,649.725,172.27501,-477.45
"BJ Energy","ONPEAK",1008,6436.014,686.179,-5749.835
"BJ Energy","ONPEAK",1008,-1408.08,-595.635,812.445
"BJ Energy","ONPEAK",1008,1094.604,120.848,-973.756
"BJ Energy","ONPEAK",1008,138.36,-598.89,-737.25
"BJ Energy","ONPEAK",1008,125.906,143.99,18.084002
"BJ Energy","ONPEAK",1008,-166.424,-177.968,-11.544001
"BJ Energy","ONPEAK",1008,-358.59,-554.91,-196.32
"BJ Energy","ONPEAK",1008,495.152,-159.201,-654.353
"BJ Energy","ONPEAK",1008,212.72,-179.20801,-391.928
"BJ Energy","ONPEAK",1008,544.104,-333.018,-877.122
"BJ Energy","ONPEAK",1008,19.635,493.458,473.823
"BJ Energy","ONPEAK",1008,60.99,-16.68001,-77.670006
"BJ Energy","ONPEAK",1008,-1001.12,0.0,1001.12
"BJ Energy","ONPEAK",1008,-1548.585,0.0,1548.585
"BJ Energy","ONPEAK",1008,-1942.36,-3565.3801,-1623.02
"BJ Energy","ONPEAK",1008,452.042,-0.03100099,-452.073
"BJ Energy","ONPEAK",1008,39.66,-0.59999985,-40.26
"BJ Energy","ONPEAK",1008,368.24,-0.04000128,-368.28
"BJ Energy","ONPEAK",1008,93.51,19.004997,-74.505005
"BJ Energy","ONPEAK",1008,-254.43,-0.06,254.37
"BJ Energy","ONPEAK",1008,-87.78,0.0,87.78
"BJ Energy","ONPEAK",1008,-190.52,0.0,190.52
"BJ Energy","ONPEAK",1008,-122.04,0.06000064,122.1
"BJ Energy","ONPEAK",1008,-122.04,0.06000064,122.1
"BJ Energy","ONPEAK",1008,2503.944,166.66399,-2337.28
"BJ Energy","ONPEAK",1008,-190.52,0.0,190.52
"BJ Energy","ONPEAK",1008,-446.16,-230.08,216.08
"BJ Energy","ONPEAK",1008,-192.56,-97.47998,95.08002
"BJ Energy","ONPEAK",1008,-1022.4,-219.86998,802.53
"BJ Energy","ONPEAK",1008,-36.74,0.0,36.74
"BJ Energy","ONPEAK",1008,-590.38,-171.00998,419.37003
"BJ Energy","ONPEAK",1008,1444.968,84.336,-1360.632
"BJ Energy","ONPEAK",1008,-548.91,-219.41997,329.49002
"BJ Energy","ONPEAK",1008,178.62,56.744995,-121.87501
"BJ Energy","ONPEAK",1008,853.86,-40.7,-894.56
"BJ Energy","ONPEAK",1008,-331.83,-211.56,120.27
"BJ Energy","ONPEAK",1008,2818.92,1862.34,-956.58
"BJ Energy","ONPEAK",1008,-128.4,15.989996,144.39
"BJ Energy","ONPEAK",1008,-97.7,21.319994,119.02
"BJ Energy","ONPEAK",1008,539.325,125.954994,-413.37
"BJ Energy","ONPEAK",1008,154.98,34.964996,-120.01501
"BJ Energy","ONPEAK",1008,525.661,58.752987,-466.90802
"BJ Energy","ONPEAK",1008,323.015,-88.200005,-411.215
"BJ Energy","ONPEAK",1008,1066.728,-211.68001,-1278.408
"BJ Energy","ONPEAK",1008,1569.36,274.545,-1294.815
"BJ Energy","ONPEAK",1008,2087.01,4390.92,2303.91
"BJ Energy","ONPEAK",1008,-20.595,45.6,66.195
"BJ Energy","ONPEAK",1008,37.422,-3.4829996,-40.905
"BJ Energy","ONPEAK",1008,-90.735,-45.6,45.135002
"BJ Energy","ONPEAK",1008,-114.04,0.0,114.04
"BJ Energy","ONPEAK",1008,-211.75,-114.87,96.88
"BJ Energy","ONPEAK",1008,1457.07,393.255,-1063.8151
"BJ Energy","ONPEAK",1008,944.88,67.5,-877.38
"BJ Energy","ONPEAK",1008,834.24,90.0,-744.24
"BJ Energy","ONPEAK",1008,149.805,-381.996,-531.801
"BJ Energy","ONPEAK",1008,270.0,-61.32,-331.32
"BJ Energy","ONPEAK",1008,-413.055,-269.745,143.31
"BJ Energy","ONPEAK",1008,276.33,-64.71,-341.04
"BJ Energy","ONPEAK",1008,5713.92,1549.0,-4164.92
"BJ Energy","ONPEAK",1008,3259.116,132.776,-3126.34
"BJ Energy","ONPEAK",1008,5882.61,1335.6,-4547.01
"BJ Energy","ONPEAK",1008,-364.96,-737.912,-372.952
"BJ Energy","ONPEAK",1008,5072.22,902.58,-4169.64
"BJ Energy","ONPEAK",1008,3078.78,1350.27,-1728.51
"BJ Energy","ONPEAK",1008,424.4,116.72,-307.68
"BJ Energy","ONPEAK",1008,291.26,-19.720001,-310.98
"BJ Energy","ONPEAK",1008,2373.476,169.666,-2203.81
"BJ Energy","ONPEAK",1008,97.62,0.0,-97.62
"BJ Energy","ONPEAK",1008,2591.54,189.728,-2401.812
"BJ Energy","ONPEAK",1008,-656.55,-64.74,591.81
"BJ Energy","ONPEAK",1008,-20.805,-1.6950015,19.109999
"BJ Energy","ONPEAK",1008,58.88,65.799995,6.919997
"BJ Energy","ONPEAK",1008,3028.866,127.88899,-2900.977
"BJ Energy","ONPEAK",1008,-3.93,3.6300013,7.5600014
"BJ Energy","ONPEAK",1008,41.61,3.390003,-38.219997
"BJ Energy","ONPEAK",1008,3190.98,0.0,-3190.98
"BJ Energy","ONPEAK",1008,2895.231,0.0,-2895.231
"BJ Energy","ONPEAK",1008,2020.865,686.749,-1334.116
"BJ Energy","ONPEAK",1008,-54.72,315.72,370.44
"BJ Energy","ONPEAK",1008,254.08,1262.88,1008.80005
"BJ Energy","ONPEAK",1008,23.82,118.395004,94.575005
"BJ Energy","ONPEAK",1008,2060.565,3774.42,1713.855
"BJ Energy","ONPEAK",1008,1138.865,547.495,-591.37
"BJ Energy","ONPEAK",1008,653.049,2386.305,1733.256
"BJ Energy","ONPEAK",1008,169.164,753.57,584.406
"BJ Energy","ONPEAK",1008,721.791,2637.495,1915.704
"BJ Energy","ONPEAK",1008,1519.788,5141.318,3621.53
"BJ Energy","ONPEAK",1008,46.215,-1867.26,-1913.475
"BJ Energy","ONPEAK",1008,400.53,-16182.92,-16583.45
"BJ Energy","ONPEAK",1008,546.66,-11203.56,-11750.22
"BJ Energy","ONPEAK",1008,614.58,1880.97,1266.39
"BJ Energy","ONPEAK",1008,233.64,-2694.96,-2928.6
"BJ Energy","ONPEAK",1008,-327.82,13828.66,14156.48
"BJ Energy","ONPEAK",1008,-1264.8,-977.04,287.76
"BJ Energy","ONPEAK",1008,-1329.99,445.908,1775.898
"BJ Energy","ONPEAK",1008,-1487.912,544.2,2032.1119
"BJ Energy","ONPEAK",1008,-1170.0,-1436.006,-266.006
"BJ Energy","ONPEAK",1008,-37.092,43.538002,80.630005
"BJ Energy","ONPEAK",1008,-36.828,41.173,78.001
"BJ Energy","ONPEAK",1008,1382.758,0.0,-1382.758
"BJ Energy","ONPEAK",1008,2062.935,-289.71,-2352.645
"BJ Energy","ONPEAK",1008,37.08,-2.760001,-39.84
"BJ Energy","ONPEAK",1008,1182.504,118.284,-1064.22
"BJ Energy","ONPEAK",1008,-849.3,586.68,1435.98
"BJ Energy","ONPEAK",1008,350.823,-70.026,-420.849
"BJ Energy","ONPEAK",1008,350.823,-70.015,-420.838
"BJ Energy","ONPEAK",1008,507.57,0.0,-507.57
"BJ Energy","ONPEAK",1008,112.56,0.0,-112.56
"BJ Energy","ONPEAK",1008,1441.224,483.73798,-957.486
"BJ Energy","ONPEAK",1008,2060.85,653.69995,-1407.15
"BJ Energy","ONPEAK",1008,109.224,52.295998,-56.928
"BJ Energy","ONPEAK",1008,267.15,130.73999,-136.41
"BJ Energy","ONPEAK",1008,369.28,174.31999,-194.96
"BJ Energy","ONPEAK",1008,11.64,0.0,-11.64
"BJ Energy","ONPEAK",1008,124.2,0.0,-124.2
"BJ Energy","ONPEAK",1008,124.2,0.0,-124.2
"BJ Energy","ONPEAK",1008,87.248,-13.944,-101.192
"BJ Energy","ONPEAK",1008,4.6,0.0,-4.6
"BJ Energy","ONPEAK",1008,219.3,675.66003,456.36002
"BJ Energy","ONPEAK",1008,278.8,17.920004,-260.88
"BJ Energy","ONPEAK",1008,273.21,-16.439997,-289.65
"BJ Energy","ONPEAK",1008,100.64,422.32,321.68
"BJ Energy","ONPEAK",1008,241.08,72.09,-168.99
"BJ Energy","ONPEAK",1008,249.075,556.88,307.805
"BJ Energy","ONPEAK",1008,3.16,0.0,-3.16
"BJ Energy","ONPEAK",1008,130.12,43.579998,-86.54
"BJ Energy","ONPEAK",1008,368.6,-70.8,-439.4
"BJ Energy","ONPEAK",1008,6722.729,3687.359,-3035.37
"BJ Energy","ONPEAK",1008,231.595,-67.08,-298.675
"BJ Energy","ONPEAK",1008,-98.1,0.0,98.1
"BJ Energy","ONPEAK",1008,-53.79,0.0,53.79
"BJ Energy","ONPEAK",1008,-69.42,0.0,69.42
"BJ Energy","ONPEAK",1008,-21.74,0.0,21.74
"BJ Energy","ONPEAK",1008,-69.42,0.0,69.42
"BJ Energy","ONPEAK",1008,-21.74,0.0,21.74
"BJ Energy","ONPEAK",1008,-107.67,0.06000192,107.73
"BJ Energy","ONPEAK",1008,-60.84,0.06000192,60.9
"BJ Energy","ONPEAK",1008,737.4,-266.90002,-1004.30005
"BJ Energy","ONPEAK",1008,921.54,-35.76,-957.3
"BJ Energy","ONPEAK",1008,628.376,-345.136,-973.512
"BJ Energy","ONPEAK",1008,0.0,0.0,0.0
"BJ Energy","ONPEAK",1008,0.0,0.0,0.0
"BJ Energy","ONPEAK",1008,381.5,-351.68002,-733.18005
"BJ Energy","ONPEAK",1008,984.75,-376.80002,-1361.55
"BJ Energy","ONPEAK",1008,290.32,-200.96002,-491.28003
"BJ Energy","ONPEAK",1008,-118.98,-0.03999424,118.94
"BJ Energy","ONPEAK",1008,45.32,-132.12001,-177.44
"BJ Energy","ONPEAK",1008,680.94,165.18002,-515.76
"BJ Energy","ONPEAK",1008,1950.24,440.48004,-1509.7599
"BJ Energy","ONPEAK",1008,0.0,0.0,0.0
"BJ Energy","ONPEAK",1008,105.945,275.19,169.245
"BJ Energy","ONPEAK",1008,89.235,-0.01500048,-89.25
"BJ Energy","ONPEAK",1008,-230.32,-80.256,150.06401
"BJ Energy","ONPEAK",1008,1518.398,14.238005,-1504.16
"BJ Energy","ONPEAK",1008,1741.632,-225.936,-1967.568
"BJ Energy","ONPEAK",1008,798.945,-85.200005,-884.145
"BJ Energy","ONPEAK",1008,-140.72,0.0,140.72
"BJ Energy","ONPEAK",1008,-23.84,0.0,23.84
"BJ Energy","ONPEAK",1008,-140.72,0.0,140.72
"BJ Energy","ONPEAK",1008,-23.84,0.0,23.84
"BJ Energy","ONPEAK",1008,-257.6,0.0,257.6
"BJ Energy","ONPEAK",1008,2026.217,872.062,-1154.155
"BJ Energy","ONPEAK",1008,766.104,241.752,-524.352
"BJ Energy","ONPEAK",1008,1288.875,385.11002,-903.765
"BJ Energy","ONPEAK",1008,152.04,-58.61999,-210.65999
"BJ Energy","ONPEAK",1008,280.18,-84.42,-364.6
"BJ Energy","ONPEAK",1008,25.71,0.0,-25.71
"BJ Energy","ONPEAK",1008,25.71,0.0,-25.71
"BJ Energy","ONPEAK",1008,25.71,0.0,-25.71
"BJ Energy","ONPEAK",1008,25.71,0.0,-25.71
"BJ Energy","ONPEAK",1008,-233.16,-865.41003,-632.25
"BJ Energy","ONPEAK",1008,-7.65,49.110004,56.760006
"BJ Energy","ONPEAK",1008,212.64,-184.98,-397.62
"BJ Energy","ONPEAK",1008,985.967,6228.789,5242.822
"BJ Energy","ONPEAK",1008,-827.505,589.92,1417.425
"BJ Energy","ONPEAK",1008,83.49,-7.9560003,-91.446
"BJ Energy","ONPEAK",1008,-12.435,0.0,12.435
"BJ Energy","ONPEAK",1008,-12.435,0.0,12.435
"BJ Energy","ONPEAK",1008,-12.435,0.0,12.435
"BJ Energy","ONPEAK",1008,-12.435,0.0,12.435
"BJ Energy","ONPEAK",1008,-12.435,0.0,12.435
"BJ Energy","ONPEAK",1008,-12.435,0.0,12.435
"BJ Energy","ONPEAK",1008,136.845,-19.844995,-156.69
"BJ Energy","ONPEAK",1008,-12.435,0.0,12.435
"BJ Energy","ONPEAK",1008,-12.435,0.0,12.435
"BJ Energy","ONPEAK",1008,1057.08,-223.14,-1280.22
"BJ Energy","ONPEAK",1008,1141.608,-105.937004,-1247.545
"BJ Energy","ONPEAK",1008,1249.875,-122.235,-1372.11
"BJ Energy","ONPEAK",1008,5504.685,737.34,-4767.345
"BJ Energy","ONPEAK",1008,2651.2,-962.55,-3613.75
"BJ Energy","ONPEAK",1008,3556.44,-1082.4401,-4638.88
"BJ Energy","ONPEAK",1008,1683.42,-105.200005,-1788.62
"BJ Energy","ONPEAK",1008,1247.428,-73.64,-1321.068
"BJ Energy","ONPEAK",1008,2300.04,-231.585,-2531.625
"BJ Energy","ONPEAK",1008,3988.995,426.3,-3562.695
"BJ Energy","ONPEAK",1008,7267.694,679.574,-6588.12
"BJ Energy","ONPEAK",1008,7267.694,694.498,-6573.196
"BJ Energy","ONPEAK",1008,6571.4,-2381.06,-8952.46
"BJ Energy","ONPEAK",1008,6169.527,-2013.078,-8182.605
"BJ Energy","ONPEAK",1008,4.8,-0.1500152,-4.950015
"BJ Energy","ONPEAK",1008,934.44,-0.5850593,-935.0251
"BJ Energy","ONPEAK",1008,-1012.29,-3197.1,-2184.81
"BJ Energy","ONPEAK",1008,-290.09,-1065.7,-775.61
"BJ Energy","ONPEAK",1008,254.268,67.26,-187.008
"BJ Energy","ONPEAK",1008,246.6,55.12001,-191.48
"BJ Energy","ONPEAK",1008,-2.85,-92.99999,-90.149994
"BJ Energy","ONPEAK",1008,1300.746,-98.706,-1399.452
"BJ Energy","ONPEAK",1008,0.0,0.0,0.0
"BJ Energy","ONPEAK",1008,259.798,89.950005,-169.84799
"BJ Energy","ONPEAK",1008,297.48,98.34,-199.14
"BJ Energy","ONPEAK",1008,369.42,81.240005,-288.18
"BJ Energy","ONPEAK",1008,1250.385,-772.365,-2022.75
"BJ Energy","ONPEAK",1008,451.745,-174.405,-626.15
"BJ Energy","ONPEAK",1008,361.86,-239.88,-601.74
"BJ Energy","ONPEAK",1008,364.21,-175.912,-540.122
"BJ Energy","ONPEAK",1008,325.728,49.872,-275.856
"BJ Energy","ONPEAK",1008,29.36,-1119.24,-1148.6
"BJ Energy","ONPEAK",1008,2367.182,-73.168,-2440.35
"BJ Energy","ONPEAK",1008,12777.966,4363.146,-8414.82
"BJ Energy","ONPEAK",1008,0.0,0.0,0.0
"BJ Energy","ONPEAK",1008,247.878,-110.196,-358.074
"BJ Energy","ONPEAK",1008,-217.5,32.14,249.64
"BJ Energy","ONPEAK",1008,111.465,15.599999,-95.865
"BJ Energy","ONPEAK",1008,-13.76,83.2,96.96
"BJ Energy","ONPEAK",1008,0.0,0.0,0.0
"BJ Energy","ONPEAK",1008,0.0,0.0,0.0
"BJ Energy","ONPEAK",1008,1146.48,-1402.56,-2549.04
"BJ Energy","ONPEAK",1008,1338.495,-1192.176,-2530.671
"BJ Energy","ONPEAK",1008,146.142,207.396,61.254
"BJ Energy","ONPEAK",1008,915.86,226.56,-689.3
"BJ Energy","ONPEAK",1008,915.86,226.56,-689.3
"BJ Energy","ONPEAK",1008,479.283,181.58,-297.703
"BJ Energy","ONPEAK",1008,833.235,389.1,-444.135
"BJ Energy","ONPEAK",1008,934.252,-96.594,-1030.846
"BJ Energy","ONPEAK",1008,934.252,-96.577,-1030.829
"BJ Energy","ONPEAK",1008,313.53,340.83,27.3
"BJ Energy","ONPEAK",1008,626.94,340.83,-286.11002
"BJ Energy","ONPEAK",1008,459.82,207.3,-252.52
"BJ Energy","ONPEAK",1008,1258.36,206.18001,-1052.18
"BJ Energy","ONPEAK",1008,954.072,656.316,-297.756
"BJ Energy","ONPEAK",1008,352.48,364.62,12.1399975
"BJ Energy","ONPEAK",1008,305.235,235.78499,-69.450005
"BJ Energy","ONPEAK",1008,254.31,168.51,-85.8
"BJ Energy","ONPEAK",1008,894.24,467.75998,-426.48
"BJ Energy","ONPEAK",1008,1152.645,-174.465,-1327.11
"BJ Energy","ONPEAK",1008,2587.065,342.99,-2244.075
"BJ Energy","ONPEAK",1008,-121.23,-0.06000192,121.17
"BJ Energy","ONPEAK",1008,-64.65,-0.06000192,64.59
"BJ Energy","ONPEAK",1008,-92.55,-0.06000192,92.49
"BJ Energy","ONPEAK",1008,-28.98,-0.04000128,28.939999
"BJ Energy","ONPEAK",1008,-28.98,-0.04000128,28.939999
"BJ Energy","ONPEAK",1008,-92.55,-0.06000192,92.49
"BJ Energy","ONPEAK",1008,-130.8,0.0,130.8
"BJ Energy","ONPEAK",1008,-71.7,0.0,71.7
"BJ Energy","ONPEAK",1008,-19.125,0.03000096,19.155
"BJ Energy","ONPEAK",1008,-19.125,0.03000096,19.155
"BJ Energy","ONPEAK",1008,941.004,229.104,-711.9
"BJ Energy","ONPEAK",1008,201.894,45.317993,-156.576
"BJ Energy","ONPEAK",1008,-123.28,0.0,123.28
"BJ Energy","ONPEAK",1008,-109.62,0.0,109.62
"BJ Energy","ONPEAK",1008,-109.62,0.0,109.62
"BJ Energy","ONPEAK",1008,-123.28,0.0,123.28
"BJ Energy","ONPEAK",1008,274.2,-138.87,-413.07
"BJ Energy","ONPEAK",1008,221.925,118.789,-103.136
"BJ Energy","ONPEAK",1008,179.064,-98.168,-277.232
"BJ Energy","ONPEAK",1008,1870.8,-1227.1,-3097.9
"BJ Energy","ONPEAK",1008,1274.376,-711.718,-1986.094
"BJ Energy","ONPEAK",1008,202.815,34.214996,-168.6
"BJ Energy","ONPEAK",1008,489.06,-676.5,-1165.56
"BJ Energy","ONPEAK",1008,150.28,-225.5,-375.78
"BJ Energy","ONPEAK",1008,112.684,-134.981,-247.665
"BJ Energy","ONPEAK",1008,257.425,31.604984,-225.82002
"BJ Energy","ONPEAK",1008,346.25,-563.7,-909.95
"BJ Energy","ONPEAK",1008,459.6,-1352.88,-1812.48
"BJ Energy","ONPEAK",1008,-132.4,-452.7,-320.3
"BJ Energy","ONPEAK",1008,154.96,-295.56,-450.52
"BJ Energy","ONPEAK",1008,49.59,-662.31,-711.9
"BJ Energy","ONPEAK",1008,2562.96,757.72003,-1805.24
"BJ Energy","ONPEAK",1008,258.12,-1037.484,-1295.604
"BJ Energy","ONPEAK",1008,-592.878,138.897,731.775
"BJ Energy","ONPEAK",1008,-99.24,-201.128,-101.888
"BJ Energy","ONPEAK",1008,-444.405,-441.675,2.73
"BJ Energy","ONPEAK",1008,33.921,-57.608997,-91.53
"BJ Energy","ONPEAK",1008,-249.28,0.0,249.28
"BJ Energy","ONPEAK",1008,-178.95,0.0,178.95
"BJ Energy","ONPEAK",1008,-566.52,-108.015,458.505
"BJ Energy","ONPEAK",1008,9.45,-710.1,-719.55
"BJ Energy","ONPEAK",1008,2721.6,-560.088,-3281.688
"BJ Energy","ONPEAK",1008,77.38,31.14,-46.24
"BJ Energy","ONPEAK",1008,470.067,-19.162004,-489.229
"BJ Energy","ONPEAK",1008,-1630.71,-2013.66,-382.95
"BJ Energy","ONPEAK",1008,1224.636,86.616005,-1138.02
"BJ Energy","ONPEAK",1008,45.105,0.0,-45.105
"BJ Energy","ONPEAK",1008,45.105,0.0,-45.105
"BJ Energy","ONPEAK",1008,45.105,0.0,-45.105
"BJ Energy","ONPEAK",1008,-212.12,-7.880007,204.23999
"BJ Energy","ONPEAK",1008,2380.02,749.84,-1630.18
"BJ Energy","ONPEAK",1008,-1852.88,309.12,2162.0
"BJ Energy","ONPEAK",1008,-298.95,199.78499,498.735
"BJ Energy","ONPEAK",1008,-597.9,399.69,997.58997
"BJ Energy","ONPEAK",1008,-1296.56,1065.84,2362.4
"BJ Energy","ONPEAK",1008,-298.95,199.845,498.79498
"BJ Energy","ONPEAK",1008,-390.75,370.305,761.055
"BJ Energy","ONPEAK",1008,-311.19,370.305,681.495
"BJ Energy","ONPEAK",1008,-96.675,210.18,306.855
"BJ Energy","ONPEAK",1008,665.66,-17.599997,-683.26
"BJ Energy","ONPEAK",1008,3116.24,1904.88,-1211.36
"BJ Energy","ONPEAK",1008,4215.666,906.794,-3308.872
"BJ Energy","ONPEAK",1008,-2759.952,-928.832,1831.12
"BJ Energy","ONPEAK",1008,-2256.226,-764.981,1491.245
"BJ Energy","ONPEAK",1008,1516.68,-128.91995,-1645.6
"BJ Energy","ONPEAK",1008,763.25,1176.55,413.30002
"BJ Energy","ONPEAK",1008,282.875,16.350004,-266.525
"BJ Energy","ONPEAK",1008,1166.008,60.168015,-1105.84
"BJ Energy","ONPEAK",1008,1063.66,0.0,-1063.66
"BJ Energy","ONPEAK",1008,655.524,0.0,-655.524
"BJ Energy","ONPEAK",1008,-989.055,-1415.63,-426.575
"BJ Energy","ONPEAK",1008,189.0,152.81999,-36.18
"BJ Energy","ONPEAK",1008,2.925,175.14,172.21501
"BJ Energy","ONPEAK",1008,116.937,105.084,-11.852998
"BJ Energy","ONPEAK",1008,126.0,101.88,-24.12
"BJ Energy","ONPEAK",1008,708.264,168.633,-539.631
"BJ Energy","ONPEAK",1008,708.264,168.633,-539.631
"BJ Energy","ONPEAK",1008,859.95,37.288994,-822.661
"BJ Energy","ONPEAK",1008,443.46,22.829996,-420.63
"BJ Energy","ONPEAK",1008,280.8,12.175998,-268.624
"BJ Energy","ONPEAK",1008,290.58,-60.119987,-350.69998
"BJ Energy","ONPEAK",1008,290.58,-60.119987,-350.69998
"BJ Energy","ONPEAK",1008,387.44,-80.15999,-467.59998
"BJ Energy","ONPEAK",1008,1080.162,1907.334,827.172
"BJ Energy","ONPEAK",1008,651.18,222.192,-428.988
"BJ Energy","ONPEAK",1008,191.8,16.320004,-175.48
"BJ Energy","ONPEAK",1008,420.94,397.79996,-23.14003
"BJ Energy","ONPEAK",1008,447.304,159.12,-288.18402
"BJ Energy","ONPEAK",1008,284.28,47.519993,-236.76001
"BJ Energy","ONPEAK",1008,357.019,34.451996,-322.56702
"BJ Energy","ONPEAK",1008,281.47,387.989,106.519
"BJ Energy","ONPEAK",1008,-46.71,79.55999,126.26999
"BJ Energy","ONPEAK",1008,254.88,238.67998,-16.200027
"BJ Energy","ONPEAK",1008,1061.796,1481.886,420.09
"BJ Energy","ONPEAK",1008,1420.364,570.608,-849.756
"BJ Energy","ONPEAK",1008,-496.95,10.409995,507.36
"BJ Energy","ONPEAK",1008,342.384,390.698,48.314
"BJ Energy","ONPEAK",1008,1245.568,477.024,-768.544
"BJ Energy","ONPEAK",1008,0.0,0.0,0.0
"BJ Energy","ONPEAK",1008,-115.236,275.262,390.498
"BJ Energy","ONPEAK",1008,1.95,116.76,114.810005
"BJ Energy","ONPEAK",1008,504.0,407.52,-96.48
"BJ Energy","ONPEAK",1008,146.79,356.58,209.79
"BJ Energy","ONPEAK",1008,252.0,203.76,-48.24
"BJ Energy","ONPEAK",1008,-187.05,-36.059994,150.99
"BJ Energy","ONPEAK",1008,0.04,132.56,132.52
"BJ Energy","ONPEAK",1008,187.05,36.059994,-150.99
"BJ Energy","ONPEAK",1008,682.95,1192.575,509.625
"BJ Energy","ONPEAK",1008,291.603,219.895,-71.708
"BJ Energy","ONPEAK",1008,276.51,436.18,159.67
"BJ Energy","ONPEAK",1008,401.643,479.798,78.155
"BJ Energy","ONPEAK",1008,701.879,739.466,37.587
"BJ Energy","ONPEAK",1008,485.667,567.086,81.419
"BJ Energy","ONPEAK",1008,-431.35,-2183.6,-1752.25
"BJ Energy","ONPEAK",1008,1613.888,9549.824,7935.936
"BJ Energy","ONPEAK",1008,-22.22,0.0,22.22
"BJ Energy","ONPEAK",1008,400.376,199.136,-201.24
"BJ Energy","ONPEAK",1008,1871.408,512.932,-1358.476
"BJ Energy","ONPEAK",1008,848.736,3057.663,2208.927
"BJ Energy","ONPEAK",1008,668.967,2392.819,1723.852
"BJ Energy","ONPEAK",1008,1190.82,18575.04,17384.22
"BJ Energy","ONPEAK",1008,1306.452,1393.14,86.688
"BJ Energy","ONPEAK",1008,901.77,373.38,-528.39
"BJ Energy","ONPEAK",1008,532.875,2760.945,2228.07
"BJ Energy","ONPEAK",1008,901.77,373.38,-528.39
"BJ Energy","ONPEAK",1008,646.53,2755.74,2109.21
"BJ Energy","ONPEAK",1008,-412.23,-572.278,-160.048
"BJ Energy","ONPEAK",1008,1332.956,-3725.34,-5058.296
"BJ Energy","ONPEAK",1008,1331.01,-2890.35,-4221.36
"BJ Energy","ONPEAK",1008,2494.14,-2690.545,-5184.685
"BJ Energy","ONPEAK",1008,1097.79,-1467.57,-2565.36
"BJ Energy","ONPEAK",1008,129.91,15282.41,15152.5
"BJ Energy","ONPEAK",1008,2263.08,-408.9,-2671.98
"BJ Energy","ONPEAK",1008,2225.362,-402.026,-2627.388
"BJ Energy","ONPEAK",1008,-2961.576,-1874.352,1087.224
"BJ Energy","ONPEAK",1008,2588.891,1459.408,-1129.483
"BJ Energy","ONPEAK",1008,7864.601,4323.152,-3541.449
"BJ Energy","ONPEAK",1008,1440.68,113.4,-1327.28
"BJ Energy","ONPEAK",1008,1201.464,67.045,-1134.419
"BJ Energy","ONPEAK",1008,1301.861,67.045,-1234.816
"BJ Energy","ONPEAK",1008,2562.78,139.48,-2423.3
"BJ Energy","ONPEAK",1008,107.51,76.882,-30.627998
"BJ Energy","ONPEAK",1008,477.565,79.442,-398.12302
"BJ Energy","ONPEAK",1008,300.0,0.0500016,-299.95
"BJ Energy","ONPEAK",1008,90.0,0.01500048,-89.985
"BJ Energy","ONPEAK",1008,-249.45,-0.83999664,248.61
"BJ Energy","ONPEAK",1008,3017.19,-1243.22,-4260.41
"BJ Energy","ONPEAK",1008,-318.98,163.52,482.5
"BJ Energy","ONPEAK",1008,808.394,474.492,-333.902
"BJ Energy","ONPEAK",1008,425.805,220.505,-205.3
"BJ Energy","ONPEAK",1008,469.515,107.174995,-362.34
"BJ Energy","ONPEAK",1008,510.315,96.24,-414.075
"BJ Energy","ONPEAK",1008,1285.638,150.02399,-1135.614
"BJ Energy","ONPEAK",1008,361.215,46.739994,-314.475
"BJ Energy","ONPEAK",1008,642.577,70.187,-572.39
"BJ Energy","ONPEAK",1008,575.471,72.644,-502.827
"BJ Energy","ONPEAK",1008,222.64,27.939999,-194.7
"BJ Energy","ONPEAK",1008,0.0,0.0,0.0
"BJ Energy","ONPEAK",1008,0.0,0.0,0.0
"BJ Energy","ONPEAK",1008,95.325,3.6150057,-91.70999
"BJ Energy","ONPEAK",1008,275.24,384.0,108.76001
"BJ Energy","ONPEAK",1008,364.53,487.68,123.15
"BJ Energy","ONPEAK",1008,656.154,877.824,221.67
"BJ Energy","ONPEAK",1008,3211.0,4876.8,1665.8
"BJ Energy","ONPEAK",1008,-678.657,-212.492,466.165
"BJ Energy","ONPEAK",1008,-221.64,1525.18,1746.82
"BJ Energy","ONPEAK",1008,-210.12,221.235,431.355
"BJ Energy","ONPEAK",1008,-693.54,-1276.52,-582.98
"BJ Energy","ONPEAK",1008,-1803.465,-599.13,1204.335
"BJ Energy","ONPEAK",1008,-1703.565,-732.225,971.33997
"BJ Energy","ONPEAK",1008,-126.0,0.0,126.0
"BJ Energy","ONPEAK",1008,0.0,0.0,0.0
"BJ Energy","ONPEAK",1008,-126.0,0.0,126.0
"BJ Energy","ONPEAK",1008,0.0,0.0,0.0
"BJ Energy","ONPEAK",1008,-126.0,0.0,126.0
"BJ Energy","ONPEAK",1008,0.0,0.0,0.0
"BJ Energy","ONPEAK",1008,-94.5,0.0,94.5
"BJ Energy","ONPEAK",1008,0.0,0.0,0.0
"BJ Energy","ONPEAK",1008,233.71,-296.9,-530.61
"BJ Energy","ONPEAK",1008,-564.78,458.64,1023.42
"BJ Energy","ONPEAK",1008,-930.105,-357.5,572.605
"BJ Energy","ONPEAK",1008,26.28,1482.3,1456.02
"BJ Energy","ONPEAK",1008,-295.536,-264.762,30.774
"BJ Energy","ONPEAK",1008,-291.462,-263.112,28.349998
"BJ Energy","ONPEAK",1008,247.92,-42.880005,-290.80002
"BJ Energy","ONPEAK",1008,-93.276,-125.712,-32.435997
"BJ Energy","ONPEAK",1008,115.74,-133.26,-248.99998
"BJ Energy","ONPEAK",1008,-1697.85,-709.125,988.725
"BJ Energy","ONPEAK",1008,-91.725,49.410004,141.13501
"BJ Energy","ONPEAK",1008,-1500.93,-474.15,1026.78
"BJ Energy","ONPEAK",1008,-250.735,747.62,998.355
"BJ Energy","ONPEAK",1008,-1089.335,-532.779,556.55597
"BJ Energy","ONPEAK",1008,-1606.14,-758.53503,847.605
"BJ Energy","ONPEAK",1008,1768.935,2209.605,440.67
"BJ Energy","ONPEAK",1008,1777.0,712.3,-1064.7
"BJ Energy","ONPEAK",1008,3495.05,1668.2001,-1826.85
"BJ Energy","ONPEAK",1008,3801.371,1413.5801,-2387.791
"BJ Energy","ONPEAK",1008,1357.706,202.79,-1154.916
"BJ Energy","ONPEAK",1008,1158.48,702.24,-456.24
"BJ Energy","ONPEAK",1008,1638.112,623.23804,-1014.87396
"BJ Energy","ONPEAK",1008,1519.872,246.192,-1273.68
"BJ Energy","ONPEAK",1008,656.32,387.28,-269.04
"BJ Energy","ONPEAK",1008,1296.65,484.1,-812.55
"BJ Energy","ONPEAK",1008,820.4,484.1,-336.3
"BJ Energy","ONPEAK",1008,229.608,17.904005,-211.704
"BJ Energy","ONPEAK",1008,-1318.11,367.35,1685.46
"BJ Energy","ONPEAK",1008,113.285,-97.975,-211.26
"BJ Energy","ONPEAK",1008,2279.808,369.288,-1910.52
"BJ Energy","ONPEAK",1008,2277.54,1641.48,-636.06
"BJ Energy","ONPEAK",1008,1989.0,879.16,-1109.84
"BJ Energy","ONPEAK",1008,317.84,285.66,-32.179996
"BJ Energy","ONPEAK",1008,1417.14,299.82,-1117.32
"BJ Energy","ONPEAK",1008,155.1,605.55,450.44998
"BJ Energy","ONPEAK",1008,46424.625,20104.375,-26320.25
"BJ Energy","ONPEAK",1008,52796.766,20934.154,-31862.61
"BJ Energy","ONPEAK",1008,5041.59,1319.265,-3722.325
"BJ Energy","ONPEAK",1008,4619.505,1439.475,-3180.03
"BJ Energy","ONPEAK",1008,42214.4,6745.5,-35468.9
"BJ Energy","ONPEAK",1008,3401.58,-217.8,-3619.38
"BJ Energy","ONPEAK",1008,56977.36,10106.58,-46870.78
"BJ Energy","ONPEAK",1008,2548.56,1142.4,-1406.16
"BJ Energy","ONPEAK",1008,948.66,-2192.385,-3141.045
"BJ Energy","ONPEAK",1008,-660.42,-1364.36,-703.94
"BJ Energy","ONPEAK",1008,-922.232,-1301.216,-378.984
"BJ Energy","ONPEAK",1008,-531.378,-1379.058,-847.68
"BJ Energy","ONPEAK",1008,-2173.23,-46.53001,2126.7
"BJ Energy","ONPEAK",1008,-2173.23,-46.53001,2126.7
"BJ Energy","ONPEAK",1008,-2173.23,-46.53001,2126.7
"BJ Energy","ONPEAK",1008,-2173.23,-46.53001,2126.7
"BJ Energy","ONPEAK",1008,-2173.23,-46.53001,2126.7
"BJ Energy","ONPEAK",1008,-412.575,-1148.36,-735.785
"BJ Energy","ONPEAK",1008,-2004.72,-41.400005,1963.32
"BJ Energy","ONPEAK",1008,90.72,2.5650008,-88.155
"BJ Energy","ONPEAK",1008,-1055.719,-1152.193,-96.474
"BJ Energy","ONPEAK",1008,193.545,-16.119,-209.664
"BJ Energy","ONPEAK",1008,-280.0,0.0,280.0
"BJ Energy","ONPEAK",1008,415.34,30.745,-384.595
"BJ Energy","ONPEAK",1008,-63.44,27.539997,90.979996
"BJ Energy","ONPEAK",1008,-53.385,186.12,239.50499
"BJ Energy","ONPEAK",1008,-149.085,118.395,267.47998
"BJ Energy","ONPEAK",1008,70.94,171.64,100.7
"BJ Energy","ONPEAK",1008,-92.475,39.225,131.7
"BJ Energy","ONPEAK",1008,-57.675,187.755,245.43
"BJ Energy","ONPEAK",1008,0.0,0.0,0.0
"BJ Energy","ONPEAK",1008,0.0,0.0,0.0
"BJ Energy","ONPEAK",1008,950.776,-829.592,-1780.368
"BJ Energy","ONPEAK",1008,-3585.87,368.415,3954.285
"BJ Energy","ONPEAK",1008,55.04,-247.88,-302.92
"BJ Energy","ONPEAK",1008,-3986.196,-1029.12,2957.076
"BJ Energy","ONPEAK",1008,-470.816,504.576,975.392
"BJ Energy","ONPEAK",1008,-1584.233,324.52,1908.753
"BJ Energy","ONPEAK",1008,-1353.576,457.88,1811.456
"BJ Energy","ONPEAK",1008,-164.352,649.536,813.888
"BJ Energy","ONPEAK",1008,-1172.16,512.448,1684.608
"BJ Energy","ONPEAK",1008,269.415,2376.345,2106.93
"BJ Energy","ONPEAK",1008,-139.08,1002.52,1141.6
"BJ Energy","ONPEAK",1008,-1103.685,2794.155,3897.84
"BJ Energy","ONPEAK",1008,-623.4,3537.26,4160.66
"BJ Energy","ONPEAK",1008,-660.33,3233.79,3894.12
"BJ Energy","ONPEAK",1008,941.67,2456.775,1515.105
"BJ Energy","ONPEAK",1008,583.44,2229.812,1646.372
"BJ Energy","ONPEAK",1008,-682.68,3036.0,3718.68
"BJ Energy","ONPEAK",1008,378.18,2004.27,1626.09
"BJ Energy","ONPEAK",1008,-72.44,-165.95999,-93.52
"BJ Energy","ONPEAK",1008,472.2,3134.75,2662.55
"BJ Energy","ONPEAK",1008,128.57,626.95,498.38
"BJ Energy","ONPEAK",1008,-482.17,126.03,608.2
"BJ Energy","ONPEAK",1008,372.872,156.544,-216.328
"BJ Energy","ONPEAK",1008,-144.88,-331.91998,-187.04
"BJ Energy","ONPEAK",1008,-382.94,4130.12,4513.06
"BJ Energy","ONPEAK",1008,-1206.22,3980.82,5187.04
"BJ Energy","ONPEAK",1008,-1622.82,2851.42,4474.24
"BJ Energy","ONPEAK",1008,81.6,3133.08,3051.48
"BJ Energy","ONPEAK",1008,-443.82,4089.34,4533.16
"BJ Energy","ONPEAK",1008,1020.36,-71.25,-1091.61
"BJ Energy","ONPEAK",1008,2120.355,-4713.21,-6833.565
"BJ Energy","ONPEAK",1008,-6.36,-4380.96,-4374.6
"BJ Energy","ONPEAK",1008,-2233.84,-1384.24,849.6
"BJ Energy","ONPEAK",1008,-2501.96,-1561.86,940.1
"BJ Energy","ONPEAK",1008,-2353.293,-1417.788,935.505
"BJ Energy","ONPEAK",1008,-1477.96,-2533.927,-1055.967
"BJ Energy","ONPEAK",1008,-468.352,-2481.872,-2013.52
"BJ Energy","ONPEAK",1008,-214.41,307.40997,521.82
"BJ Energy","ONPEAK",1008,494.529,1356.999,862.47
"BJ Energy","ONPEAK",1008,785.75,243.292,-542.458
"BJ Energy","ONPEAK",1008,176.82,-314.64,-491.46
"BJ Energy","ONPEAK",1008,287.58,9.379996,-278.2
"BJ Energy","ONPEAK",1008,-1064.21,734.85,1799.0599
"BJ Energy","ONPEAK",1008,-530.46,0.0,530.46
"BJ Energy","ONPEAK",1008,-468.96,0.0,468.96
"BJ Energy","ONPEAK",1008,-444.12,2532.54,2976.66
"BJ Energy","ONPEAK",1008,-667.478,145.782,813.26
"BJ Energy","ONPEAK",1008,680.814,641.088,-39.72599
"BJ Energy","ONPEAK",1008,588.308,626.416,38.108013
"BJ Energy","ONPEAK",1008,-397.4,0.0,397.4
"BJ Energy","ONPEAK",1008,-397.4,0.0,397.4
"BJ Energy","ONPEAK",1008,894.8,2237.2,1342.4
"BJ Energy","ONPEAK",1008,377.16,1566.04,1188.88
"BJ Energy","ONPEAK",1008,-397.4,0.0,397.4
"BJ Energy","ONPEAK",1008,-1851.63,269.805,2121.435
"BJ Energy","ONPEAK",1008,-1198.344,528.032,1726.376
"BJ Energy","ONPEAK",1008,-1016.936,582.6,1599.536
"BJ Energy","ONPEAK",1008,-359.624,574.728,934.352
"BJ Energy","ONPEAK",1008,277.98,175.37999,-102.600006
"BJ Energy","ONPEAK",1008,-205.35,0.0,205.35
"BJ Energy","ONPEAK",1008,-165.15,0.0,165.15
"BJ Energy","ONPEAK",1008,-236.88,-96.00001,140.87999
"BJ Energy","ONPEAK",1008,477.9,2507.88,2029.98
"BJ Energy","ONPEAK",1008,1020.88,-988.176,-2009.056
"BJ Energy","ONPEAK",1008,0.0,0.0,0.0
"BJ Energy","ONPEAK",1008,444.249,381.017,-63.231995
"BJ Energy","ONPEAK",1008,1774.84,9048.24,7273.4
"BJ Energy","ONPEAK",1008,419.068,206.765,-212.303
"BJ Energy","ONPEAK",1008,368.676,166.611,-202.065
"BJ Energy","ONPEAK",1008,232.067,96.459,-135.608
"BJ Energy","ONPEAK",1008,228.27,-36.000004,-264.27
"BJ Energy","ONPEAK",1008,560.475,2507.88,1947.405
"BJ Energy","ONPEAK",1008,534.62,318.1,-216.52
"BJ Energy","ONPEAK",1008,853.05,477.15,-375.9
"BJ Energy","ONPEAK",1008,-503.37,-204.00002,299.36996
"BJ Energy","ONPEAK",1008,713.83,-204.00002,-917.83
"BJ Energy","ONPEAK",1008,1315.366,998.803,-316.563
"BJ Energy","ONPEAK",1008,249.99,159.05,-90.94
"BJ Energy","ONPEAK",1008,588.082,349.91,-238.172
"BJ Energy","ONPEAK",1008,30.56,-48.000004,-78.560005
"BJ Energy","ONPEAK",1008,328.65,-474.36,-803.01
"BJ Energy","ONPEAK",1008,600.81,-569.85,-1170.66
"BJ Energy","ONPEAK",1008,492.405,2526.39,2033.985
"BJ Energy","ONPEAK",1008,561.27,1779.96,1218.69
"BJ Energy","ONPEAK",1008,-424.4,451.52,875.92
"BJ Energy","ONPEAK",1008,581.343,410.564,-170.77899
"BJ Energy","ONPEAK",1008,381.15,397.32,16.170004
"BJ Energy","ONPEAK",1008,246.4,264.88,18.480003
"BJ Energy","ONPEAK",1008,941.472,741.664,-199.808
"BJ Energy","ONPEAK",1008,633.42,211.5,-421.92
"BJ Energy","ONPEAK",1008,445.3,-5366.96,-5812.26
"BJ Energy","ONPEAK",1008,397.2,3664.68,3267.48
"BJ Energy","ONPEAK",1008,-2318.82,4818.06,7136.88
"BJ Energy","ONPEAK",1008,-697.7,3023.76,3721.46
"BJ Energy","ONPEAK",1008,498.32,3171.26,2672.94
"BJ Energy","ONPEAK",1008,386.12,3385.34,2999.22
"BJ Energy","ONPEAK",1008,173.08,620.296,447.216
"BJ Energy","ONPEAK",1008,0.0,0.0,0.0
"BJ Energy","ONPEAK",1008,-109.85,-57.07006,52.77994
"BJ Energy","ONPEAK",1008,265.671,346.717,81.046005
"BJ Energy","ONPEAK",1008,265.671,346.724,81.053
"BJ Energy","ONPEAK",1008,-2235.59,-3796.338,-1560.748
"BJ Energy","ONPEAK",1008,379.98,224.42,-155.56
"BJ Energy","ONPEAK",1008,316.62,-532.92,-849.54
"BJ Energy","ONPEAK",1008,3334.272,1193.232,-2141.04
"BJ Energy","ONPEAK",1008,1168.816,497.937,-670.87897
"BJ Energy","ONPEAK",1008,1092.495,623.76,-468.735
"BJ Energy","ONPEAK",1008,2068.625,1039.6,-1029.025
"BJ Energy","ONPEAK",1008,1178.22,612.9,-565.32
"BJ Energy","ONPEAK",1008,690.37,1193.82,503.45
"BJ Energy","ONPEAK",1008,-777.96,444.15,1222.11
"BJ Energy","ONPEAK",1008,417.192,78.424,-338.768
"BJ Energy","ONPEAK",1008,2512.263,3755.453,1243.19
"BJ Energy","ONPEAK",1008,1031.607,1562.292,530.685
"BJ Energy","ONPEAK",1008,12527.043,18921.092,6394.049
"BJ Energy","ONPEAK",1008,3421.012,4168.332,747.32
"BJ Energy","ONPEAK",1008,-1776.888,242.04001,2018.928
"BJ Energy","ONPEAK",1008,522.315,2525.8801,2003.5651
"BJ Energy","ONPEAK",1008,600.897,-180.224,-781.121
"BJ Energy","ONPEAK",1008,1252.02,-491.49,-1743.51
"BJ Energy","ONPEAK",1008,851.58,-327.66,-1179.24
"BJ Energy","ONPEAK",1008,-2072.28,-15424.38,-13352.1
"BJ Energy","ONPEAK",1008,-766.722,-1327.26,-560.538
"BJ Energy","ONPEAK",1008,-773.2,-3428.3,-2655.1
"BJ Energy","ONPEAK",1008,669.326,-860.09,-1529.416
"BJ Energy","ONPEAK",1008,408.82,-1557.5,-1966.32
"BJ Energy","ONPEAK",1008,-47.24,-544.95996,-497.72
"BJ Energy","ONPEAK",1008,-85.992,-326.97598,-240.984
"BJ Energy","ONPEAK",1008,-90.44,-613.92,-523.48
"BJ Energy","ONPEAK",1008,411.312,-1201.3099,-1612.622
"BJ Energy","ONPEAK",1008,382.368,-614.264,-996.632
"BJ Energy","ONPEAK",1008,1947.195,9162.66,7215.465
"BJ Energy","ONPEAK",1008,4349.961,7641.381,3291.42
"BJ Energy","ONPEAK",1008,4033.044,5146.614,1113.57
"BJ Energy","ONPEAK",1008,2374.658,3748.394,1373.736
"BJ Energy","ONPEAK",1008,1031.607,1562.292,530.685
"BJ Energy","ONPEAK",1008,956.36,2253.89,1297.53
"BJ Energy","ONPEAK",1008,-2001.758,-2632.179,-630.421
"BJ Energy","ONPEAK",1008,-3196.995,-4355.325,-1158.33
"BJ Energy","ONPEAK",1008,-629.71,-1151.79,-522.08
"BJ Energy","ONPEAK",1008,19797.217,-9498.912,-29296.129
"BJ Energy","ONPEAK",1008,-1036.88,-2226.614,-1189.734
"BJ Energy","ONPEAK",1008,-307.17,-286.62,20.550003
"BJ Energy","ONPEAK",1008,-1104.896,-1726.448,-621.552
"BJ Energy","ONPEAK",1008,486.72,1341.882,855.162
"BJ Energy","ONPEAK",1008,1168.699,266.225,-902.474
"BJ Energy","ONPEAK",1008,2321.838,659.775,-1662.063
"BJ Energy","ONPEAK",1008,-1566.782,-4960.088,-3393.306
"BJ Energy","ONPEAK",1008,-827.936,-5109.848,-4281.912
"BJ Energy","ONPEAK",1008,4750.38,782.99,-3967.39
"BJ Energy","ONPEAK",1008,-1475.607,-4885.79,-3410.183
"BJ Energy","ONPEAK",1008,203.67,73.0,-130.67
"BJ Energy","ONPEAK",1008,-4287.315,-11587.785,-7300.47
"BJ Energy","ONPEAK",1008,-3411.43,-2103.22,1308.21
"BJ Energy","ONPEAK",1008,-2853.927,-1762.47,1091.457
"BJ Energy","ONPEAK",1008,-3544.33,-2173.74,1370.59
"BJ Energy","ONPEAK",1008,-1041.912,-614.456,427.456
"BJ Energy","ONPEAK",1008,-1284.354,-1632.033,-347.679
"BJ Energy","ONPEAK",1008,2995.56,4612.8,1617.24
"BJ Energy","ONPEAK",1008,219.33,-2.43002,-221.76003
"BJ Energy","ONPEAK",1008,140.77,-1.8900157,-142.66002
"BJ Energy","ONPEAK",1008,84.6,1.319991,-83.28001
"BJ Energy","ONPEAK",1008,104.46,1.9799865,-102.48001
"BJ Energy","ONPEAK",1008,306.45,111.975006,-194.47499
"BJ Energy","ONPEAK",1008,-305.82,-286.91998,18.900003
"BJ Energy","ONPEAK",1008,-3187.59,-4584.225,-1396.635
"BJ Energy","ONPEAK",1008,1107.78,604.365,-503.415
"BJ Energy","ONPEAK",1008,2098.175,1007.275,-1090.9
"BJ Energy","ONPEAK",1008,632.67,-928.44,-1561.11
"BJ Energy","ONPEAK",1008,-389.82,-608.28,-218.46
"BJ Energy","ONPEAK",1008,649.995,-874.53,-1524.525
"BJ Energy","ONPEAK",1008,511.805,117.975,-393.83
"BJ Energy","ONPEAK",1008,632.22,-950.025,-1582.245
"BJ Energy","ONPEAK",1008,2369.43,-3113.16,-5482.59
"BJ Energy","ONPEAK",1008,-607.2,1576.74,2183.94
"BJ Energy","ONPEAK",1008,11366.835,611.45996,-10755.375
"BJ Energy","ONPEAK",1008,5794.263,5201.184,-593.079
"BJ Energy","ONPEAK",1008,9166.203,10791.824,1625.621
"BJ Energy","ONPEAK",1008,9197.24,6369.92,-2827.32
"BJ Energy","ONPEAK",1008,3747.6,1865.76,-1881.84
"BJ Energy","OFFPEAK",424,-2776.185,-263.126,2513.059
"BJ Energy","OFFPEAK",424,-10356.032,-3596.863,6759.169
"BJ Energy","OFFPEAK",424,407.422,830.586,423.164
"BJ Energy","OFFPEAK",424,-2284.12,3677.52,5961.64
"BJ Energy","OFFPEAK",424,-1412.418,-1949.066,-536.648
"BJ Energy","OFFPEAK",424,-1290.538,-1069.742,220.796
"BJ Energy","OFFPEAK",424,-434.2,-151.7,282.5
"BJ Energy","OFFPEAK",424,-1282.0,-1059.76,222.24
"BJ Energy","OFFPEAK",424,-1676.385,-726.40497,949.98
"BJ Energy","OFFPEAK",424,1515.9,9042.0,7526.1
"BJ Energy","OFFPEAK",424,-817.742,893.577,1711.319
"BJ Energy","OFFPEAK",424,-3558.906,-1748.552,1810.354
"BJ Energy","OFFPEAK",424,-327.128,55.712,382.84
"BJ Energy","OFFPEAK",424,1077.769,333.641,-744.128
"BJ Energy","OFFPEAK",424,33.92,25.674,-8.246
"BJ Energy","OFFPEAK",424,452.616,-51.92,-504.536
"BJ Energy","OFFPEAK",424,-2808.054,-958.788,1849.266
"BJ Energy","OFFPEAK",424,-2019.66,-1276.98,742.68
"BJ Energy","OFFPEAK",424,-4585.497,-1454.292,3131.205
"BJ Energy","OFFPEAK",424,-3052.8,-5629.74,-2576.94
"BJ Energy","OFFPEAK",424,-2644.838,-1199.604,1445.234
"BJ Energy","OFFPEAK",424,-2298.786,-838.572,1460.214
"BJ Energy","OFFPEAK",424,-3997.144,-1630.276,2366.868
"BJ Energy","OFFPEAK",424,-5263.048,-4258.24,1004.808
"BJ Energy","OFFPEAK",424,-3251.794,-1412.278,1839.516
"BJ Energy","OFFPEAK",424,-1001.472,-373.536,627.936
"BJ Energy","OFFPEAK",424,-548.152,49.456,597.60803
"BJ Energy","OFFPEAK",424,-1908.174,-1068.88,839.294
"BJ Energy","OFFPEAK",424,-4552.815,-2216.04,2336.775
"BJ Energy","OFFPEAK",424,-4297.55,186.99802,4484.548
"BJ Energy","OFFPEAK",424,-557.8,-497.115,60.685
"BJ Energy","OFFPEAK",424,439.446,-43.847996,-483.294
"BJ Energy","OFFPEAK",424,-771.834,-447.258,324.576
"BJ Energy","OFFPEAK",424,-615.23,-356.51,258.72
"BJ Energy","OFFPEAK",424,885.339,203.65099,-681.688
"BJ Energy","OFFPEAK",424,210.294,9.912004,-200.38199
"BJ Energy","OFFPEAK",424,-1921.152,-8.016002,1913.136
"BJ Energy","OFFPEAK",424,-42.4,-49.23,-6.83
"BJ Energy","OFFPEAK",424,-4336.5,1523.4,5859.9
"BJ Energy","OFFPEAK",424,999.012,862.106,-136.906
"BJ Energy","OFFPEAK",424,1989.306,1260.93,-728.376
"BJ Energy","OFFPEAK",424,-347.48,61.40399,408.884
"BJ Energy","OFFPEAK",424,-2887.08,13587.624,16474.703
"BJ Energy","OFFPEAK",424,-473.844,1291.521,1765.365
"BJ Energy","OFFPEAK",424,710.83,-68.695984,-779.526
"BJ Energy","OFFPEAK",424,90.272,4391.912,4301.64
"BJ Energy","OFFPEAK",424,41.28,-385.2,-426.48
"BJ Energy","OFFPEAK",424,-1295.819,1.4250016,1297.244
"BJ Energy","OFFPEAK",424,-240.288,20.216002,260.504
"BJ Energy","OFFPEAK",1176,-2259.294,-367.344,1891.95
"BJ Energy","OFFPEAK",1176,-2273.748,-774.364,1499.384
"BJ Energy","OFFPEAK",1176,-6574.512,-3451.854,3122.658
"BJ Energy","OFFPEAK",1176,-360.0,-124.375,235.625
"BJ Energy","OFFPEAK",1176,-3621.408,-1790.04,1831.368
"BJ Energy","OFFPEAK",1176,-4093.56,-468.036,3625.524
"BJ Energy","OFFPEAK",1176,-4732.926,-5355.889,-622.963
"BJ Energy","OFFPEAK",1176,-1956.025,-1916.565,39.460003
"BJ Energy","OFFPEAK",1176,-3327.912,-2509.927,817.985
"BJ Energy","OFFPEAK",1176,-3001.116,-3862.632,-861.516
"BJ Energy","OFFPEAK",1176,-1212.792,-641.952,570.84
"BJ Energy","OFFPEAK",1176,-1152.48,-958.594,193.886
"BJ Energy","ONPEAK",320,-248.4,2092.48,2340.88
"BJ Energy","ONPEAK",320,-138.14,969.06,1107.2
"BJ Energy","ONPEAK",320,-1134.156,-378.552,755.604
"BJ Energy","ONPEAK",320,-4640.655,-4946.715,-306.06
"BJ Energy","ONPEAK",320,-8527.785,-6878.13,1649.655
"BJ Energy","ONPEAK",320,-1945.683,-98.792,1846.891
"BJ Energy","ONPEAK",320,-1109.284,-157.454,951.83
"BJ Energy","ONPEAK",320,-702.448,-86.632,615.816
"BJ Energy","ONPEAK",320,-358.26,-127.266,230.994
"BJ Energy","ONPEAK",320,-188.342,-170.716,17.626
"BJ Energy","ONPEAK",320,-491.848,-290.52,201.328
"BJ Energy","ONPEAK",320,-316.811,-52.591,264.22
"BJ Energy","ONPEAK",320,-467.698,573.232,1040.93
"BJ Energy","ONPEAK",320,393.26,190.72,-202.54
"BJ Energy","ONPEAK",320,-1121.568,-309.54,812.028
"BJ Energy","ONPEAK",320,-693.641,-841.49,-147.849
"BJ Energy","ONPEAK",320,-3261.504,-492.144,2769.36
"BJ Energy","ONPEAK",320,-509.223,-2438.15,-1928.927
"BJ Energy","ONPEAK",320,37.411,23.921,-13.49
"BJ Energy","ONPEAK",320,-503.295,-0.975,502.32
"BJ Energy","ONPEAK",320,-2090.813,-2161.193,-70.38
"BJ Energy","ONPEAK",320,-880.752,-477.369,403.383
"BJ Energy","ONPEAK",320,-2120.265,-478.275,1641.99
"BJ Energy","ONPEAK",320,-3735.314,-2153.096,1582.218
"BJ Energy","ONPEAK",320,-770.85,-254.145,516.705
"BJ Energy","ONPEAK",320,-250.397,-44.31,206.087
"BJ Energy","ONPEAK",320,-3151.652,-1047.102,2104.55
"BJ Energy","ONPEAK",320,-2482.441,-921.817,1560.624
"BJ Energy","ONPEAK",320,-832.52,-131.32,701.2
"BJ Energy","ONPEAK",320,-639.264,-98.532,540.732
"BJ Energy","ONPEAK",320,-889.88,-124.23,765.65
"BJ Energy","ONPEAK",320,-599.514,-47.346,552.168
"BJ Energy","ONPEAK",320,-1934.245,-496.744,1437.501
"BJ Energy","ONPEAK",320,-8804.745,-3897.051,4907.694
"BJ Energy","ONPEAK",320,-11777.7,-5084.25,6693.45
"BJ Energy","ONPEAK",320,-1607.62,-431.564,1176.056
"BJ Energy","ONPEAK",320,-1186.328,-367.895,818.433
"BJ Energy","ONPEAK",320,-8218.32,-1319.23,6899.09
"BJ Energy","ONPEAK",320,-9836.97,-1941.335,7895.635
"BJ Energy","ONPEAK",320,-1373.361,-3289.869,-1916.508
"BJ Energy","ONPEAK",320,-2292.597,-98.724,2193.873
"BJ Energy","ONPEAK",320,733.68,3993.948,3260.268
"BJ Energy","ONPEAK",320,733.68,3993.948,3260.268
"BJ Energy","ONPEAK",320,5.304,20.094,14.79
"BJ Energy","ONPEAK",320,-5018.706,71.145,5089.851
"BJ Energy","ONPEAK",320,604.94,-1077.02,-1681.96
"BJ Energy","ONPEAK",320,-653.161,684.911,1338.072
"BJ Energy","ONPEAK",320,-1327.264,3012.894,4340.158
"BJ Energy","ONPEAK",320,4258.419,-342.705,-4601.124
"BJ Energy","ONPEAK",320,183.12,-143.29,-326.41
"BJ Energy","ONPEAK",320,617.468,649.948,32.48
"BJ Energy","ONPEAK",320,727.38,3326.13,2598.75
"BJ Energy","ONPEAK",320,56.068,-475.936,-532.004
"BJ Energy","ONPEAK",320,-7897.408,-894.912,7002.496
"BJ Energy","ONPEAK",320,1955.259,-2315.425,-4270.684
"BJ Energy","ONPEAK",320,358.4,-226.548,-584.948
"BJ Energy","ONPEAK",320,361.296,2465.97,2104.674
"BJ Energy","ONPEAK",320,1279.502,-400.463,-1679.965
"BJ Energy","ONPEAK",1008,-9371.136,-841.512,8529.624
"BJ Energy","ONPEAK",1008,-2231.228,-3944.0,-1712.772
"BJ Energy","ONPEAK",1008,-13566.24,-5761.16,7805.08
"BJ Energy","ONPEAK",1008,-1196.115,4263.004,5459.119
"BJ Energy","ONPEAK",1008,-4054.486,-424.536,3629.95
"BJ Energy","ONPEAK",1008,-7493.895,-7248.24,245.655
"BJ Energy","ONPEAK",1008,-11327.998,-22540.572,-11212.575
"BJ Energy","ONPEAK",1008,-9140.586,-12292.384,-3151.798
"BJ Energy","ONPEAK",1008,-2044.01,-961.17,1082.84
"BJ Energy","ONPEAK",1008,-1658.152,-917.628,740.524
"BJ Energy","ONPEAK",1008,-4596.088,-1560.923,3035.165
"BJ Energy","ONPEAK",1008,-4839.264,-3153.87,1685.394
"BJ Energy","ONPEAK",1008,-8056.314,-3377.535,4678.779
"BJ Energy","ONPEAK",1008,-13828.534,-1956.195,11872.339
"BJ Energy","ONPEAK",1008,-16625.496,-2664.462,13961.035
"BJ Energy","ONPEAK",1008,-5802.42,-7464.284,-1661.864
"BJ Energy","ONPEAK",1008,270.528,4749.456,4478.928
"City of Abbeville","OFFPEAK",1176,148.082,4.3119917,-143.77
"City of Abbeville","OFFPEAK",1176,201.256,4.3119917,-196.94402
"City of Abbeville","OFFPEAK",1176,262.706,4.5079913,-258.198
"City of Abbeville","OFFPEAK",1176,123.662,107.24999,-16.412004
"City of Abbeville","OFFPEAK",1176,137.071,107.24999,-29.821005
"City of Abbeville","OFFPEAK",1176,144.5,97.5,-47.000004
"City of Abbeville","OFFPEAK",1176,230.265,202.881,-27.384003
"City of Abbeville","OFFPEAK",1176,284.06,193.22,-90.840004
"City of Abbeville","OFFPEAK",1176,254.646,202.881,-51.765003
"City of Abbeville","OFFPEAK",1176,2106.612,1566.531,-540.081
"City of Abbeville","OFFPEAK",1176,4450.24,1740.59,-2709.65
"City of Abbeville","OFFPEAK",1176,1767.537,1566.531,-201.006
"City of Abbeville","OFFPEAK",1176,1137.78,526.608,-611.172
"City of Abbeville","OFFPEAK",1176,1194.075,526.608,-667.467
"City of Abbeville","OFFPEAK",1176,1096.767,526.608,-570.159
"City of Abbeville","OFFPEAK",1176,710.928,351.072,-359.85602
"City of Abbeville","OFFPEAK",1176,714.924,351.072,-363.85202
"City of Abbeville","OFFPEAK",1176,731.178,351.072,-380.10602
"City of Abbeville","OFFPEAK",1176,284.347,136.528,-147.819
"City of Abbeville","OFFPEAK",1176,197.48,97.52,-99.96
"City of Abbeville","OFFPEAK",1176,278.026,136.528,-141.498
"City of Abbeville","ONPEAK",1008,663.6,-88.032,-751.632
"City of Abbeville","ONPEAK",1008,922.507,-84.364,-1006.871
"City of Abbeville","ONPEAK",1008,831.91,-84.364,-916.274
"City of Abbeville","ONPEAK",1008,282.799,361.702,78.903
"City of Abbeville","ONPEAK",1008,252.384,361.702,109.318
"City of Abbeville","ONPEAK",1008,450.62,328.82,-121.8
"City of Abbeville","ONPEAK",1008,892.1,654.36,-237.73999
"City of Abbeville","ONPEAK",1008,528.696,687.078,158.382
"City of Abbeville","ONPEAK",1008,471.66,687.078,215.418
"City of Abbeville","ONPEAK",1008,2463.507,2459.907,-3.5999992
"City of Abbeville","ONPEAK",1008,4589.29,2733.23,-1856.06
"City of Abbeville","ONPEAK",1008,1977.813,2459.907,482.094
"City of Abbeville","ONPEAK",1008,1350.336,1602.38,252.044
"City of Abbeville","ONPEAK",1008,1611.603,1664.01,52.407
"City of Abbeville","ONPEAK",1008,1471.47,1602.38,130.91
"City of Abbeville","ONPEAK",1008,895.335,924.45,29.115
"City of Abbeville","ONPEAK",1008,775.04,862.82,87.78
"City of Abbeville","ONPEAK",1008,727.104,862.82,135.716
"City of Abbeville","ONPEAK",1008,332.16,369.78,37.62
"City of Abbeville","ONPEAK",1008,358.134,369.78,11.646
"City of Abbeville","ONPEAK",1008,311.616,369.78,58.164
"Arkansas Elec Coop","OFFPEAK",424,545.425,-376.025,-921.45
"Arkansas Elec Coop","OFFPEAK",424,221.746,-82.782,-304.52798
"Arkansas Elec Coop","OFFPEAK",424,15768.16,-381.44202,-16149.602
"Arkansas Elec Coop","OFFPEAK",424,631.462,-1853.473,-2484.935
"Arkansas Elec Coop","OFFPEAK",424,66812.35,-3271.53,-70083.875
"Arkansas Elec Coop","OFFPEAK",424,482.104,-720.384,-1202.488
"Arkansas Elec Coop","OFFPEAK",424,792.984,-977.664,-1770.648
"Arkansas Elec Coop","OFFPEAK",424,30.94,-15.040999,-45.981
"Arkansas Elec Coop","OFFPEAK",424,-27063.703,-18117.398,8946.304
"Arkansas Elec Coop","OFFPEAK",424,1192.88,-1113.0339,-2305.914
"Arkansas Elec Coop","OFFPEAK",424,9609.936,-10493.644,-20103.58
"Arkansas Elec Coop","OFFPEAK",1176,4927.649,-1723.0391,-6650.688
"Arkansas Elec Coop","OFFPEAK",1176,6889.965,-2237.379,-9127.344
"Arkansas Elec Coop","OFFPEAK",1176,3975.946,-1903.058,-5879.004
"Arkansas Elec Coop","OFFPEAK",1176,3011.505,425.592,-2585.913
"Arkansas Elec Coop","OFFPEAK",1176,-641.802,228.216,870.018
"Arkansas Elec Coop","OFFPEAK",1176,0.029,410.06,410.031
"Arkansas Elec Coop","OFFPEAK",1176,-584.55,707.0,1291.55
"Arkansas Elec Coop","OFFPEAK",1176,-557.235,-641.844,-84.60899
"Arkansas Elec Coop","OFFPEAK",1176,-6285.5,-7946.64,-1661.14
"Arkansas Elec Coop","OFFPEAK",1176,-373.164,-2376.924,-2003.76
"Arkansas Elec Coop","OFFPEAK",1176,-3035.88,-23337.072,-20301.191
"Arkansas Elec Coop","OFFPEAK",1176,0.286,-8020.012,-8020.298
"Arkansas Elec Coop","OFFPEAK",1176,1.038,-29107.596,-29108.635
"Arkansas Elec Coop","OFFPEAK",1176,0.777,-21788.635,-21789.41
"Arkansas Elec Coop","OFFPEAK",1176,-454.212,-4408.138,-3953.926
"Arkansas Elec Coop","OFFPEAK",1176,753.136,-29292.787,-30045.924
"Arkansas Elec Coop","OFFPEAK",1176,14346.846,-57376.895,-71723.74
"Arkansas Elec Coop","OFFPEAK",1176,-4847.901,-102455.12,-97607.22
"Ameren","ONPEAK",1008,11174.005,15717.622,4543.617
"Arkansas Elec Coop","OFFPEAK",1176,46459.86,-74033.82,-120493.68
"Arkansas Elec Coop","OFFPEAK",1176,99086.31,-70710.61,-169796.92
"Arkansas Elec Coop","OFFPEAK",1176,63325.953,-67757.8,-131083.75
"Arkansas Elec Coop","OFFPEAK",1176,39292.44,-73463.72,-112756.16
"Arkansas Elec Coop","OFFPEAK",1176,10376.85,-34164.6,-44541.453
"Arkansas Elec Coop","OFFPEAK",1176,35550.77,-39559.016,-75109.78
"Arkansas Elec Coop","OFFPEAK",1176,-356.57,-9862.509,-9505.939
"Arkansas Elec Coop","OFFPEAK",1176,-202.91,-5612.264,-5409.354
"Arkansas Elec Coop","OFFPEAK",1176,4747.0,-27244.0,-31991.0
"Arkansas Elec Coop","OFFPEAK",1176,44958.133,-56776.496,-101734.625
"Arkansas Elec Coop","OFFPEAK",1176,-629.506,-7282.351,-6652.8447
"Arkansas Elec Coop","OFFPEAK",1176,-46.67,-446.77,-400.1
"Arkansas Elec Coop","OFFPEAK",1176,1020.76,-514.34,-1535.1
"Arkansas Elec Coop","OFFPEAK",1176,5597.859,-1877.3411,-7475.2
"Arkansas Elec Coop","OFFPEAK",1176,681.21,357.74402,-323.466
"Arkansas Elec Coop","OFFPEAK",1176,26442.488,-5026.608,-31469.096
"Arkansas Elec Coop","OFFPEAK",1176,-613.2,-29861.58,-29248.38
"Arkansas Elec Coop","OFFPEAK",1176,9852.99,-7330.05,-17183.04
"Arkansas Elec Coop","OFFPEAK",1176,15408.168,-39450.035,-54858.203
"Arkansas Elec Coop","OFFPEAK",1176,15671.72,-40321.12,-55992.84
"Arkansas Elec Coop","ONPEAK",320,1073.76,120.984,-952.776
"Arkansas Elec Coop","ONPEAK",320,1707.816,1306.866,-400.95
"Arkansas Elec Coop","ONPEAK",320,312.66,63.135,-249.525
"Arkansas Elec Coop","ONPEAK",320,21445.475,6275.015,-15170.46
"Arkansas Elec Coop","ONPEAK",320,3274.96,789.26,-2485.7
"Arkansas Elec Coop","ONPEAK",320,6821.136,1578.52,-5242.616
"Arkansas Elec Coop","ONPEAK",320,2539.25,252.05,-2287.2
"Arkansas Elec Coop","ONPEAK",320,529.065,356.418,-172.647
"Arkansas Elec Coop","ONPEAK",320,694.2,140.3,-553.9
"Arkansas Elec Coop","ONPEAK",320,18336.43,2190.384,-16146.046
"Arkansas Elec Coop","ONPEAK",320,10121.832,-213.444,-10335.276
"Arkansas Elec Coop","ONPEAK",320,2522.588,624.34,-1898.248
"Arkansas Elec Coop","ONPEAK",320,3820.052,965.96,-2854.092
"Arkansas Elec Coop","ONPEAK",320,87952.9,25870.686,-62082.215
"Arkansas Elec Coop","ONPEAK",320,9944.87,452.638,-9492.232
"Arkansas Elec Coop","ONPEAK",1008,10574.005,-589.68,-11163.685
"Arkansas Elec Coop","ONPEAK",1008,12437.433,-789.26404,-13226.697
"Arkansas Elec Coop","ONPEAK",1008,11019.827,-825.552,-11845.379
"Arkansas Elec Coop","ONPEAK",1008,5237.568,2513.7,-2723.868
"Arkansas Elec Coop","ONPEAK",1008,3678.285,2334.15,-1344.135
"Arkansas Elec Coop","ONPEAK",1008,714.72,299.25,-415.47
"Arkansas Elec Coop","ONPEAK",1008,3420.802,1778.204,-1642.598
"Arkansas Elec Coop","ONPEAK",1008,4957.092,1448.228,-3508.864
"Arkansas Elec Coop","ONPEAK",1008,125446.98,49574.223,-75872.75
"Arkansas Elec Coop","ONPEAK",1008,118953.93,40090.01,-78863.914
"Arkansas Elec Coop","ONPEAK",1008,33783.863,16558.918,-17224.943
"Arkansas Elec Coop","ONPEAK",1008,37941.6,472.79993,-37468.8
"Arkansas Elec Coop","ONPEAK",1008,58069.68,645.1749,-57424.504
"Arkansas Elec Coop","ONPEAK",1008,35510.18,599.8649,-34910.316
"Arkansas Elec Coop","ONPEAK",1008,10628.334,-171.93599,-10800.27
"Arkansas Elec Coop","ONPEAK",1008,9626.257,-264.272,-9890.529
"Arkansas Elec Coop","ONPEAK",1008,1177.504,-50.943996,-1228.448
"Arkansas Elec Coop","ONPEAK",1008,7834.484,-3467.262,-11301.746
"Arkansas Elec Coop","ONPEAK",1008,52014.15,-16739.299,-68753.445
"Arkansas Elec Coop","ONPEAK",1008,71708.414,-13272.036,-84980.45
"Arkansas Elec Coop","ONPEAK",1008,74229.6,-18503.816,-92733.414
"Arkansas Elec Coop","ONPEAK",1008,99157.39,-18574.262,-117731.65
"Arkansas Elec Coop","ONPEAK",1008,11798.595,-3733.638,-15532.233
"Arkansas Elec Coop","ONPEAK",1008,39388.637,8650.698,-30737.938
"Arkansas Elec Coop","ONPEAK",1008,76030.64,11729.76,-64300.88
"Arkansas Elec Coop","ONPEAK",1008,50569.336,9572.322,-40997.01
"Arkansas Elec Coop","ONPEAK",1008,51691.05,9760.37,-41930.68
"Ameren","ONPEAK",1008,14355.77,15300.34,944.56995
"Arkansas Elec Coop","ONPEAK",1008,87594.48,13446.689,-74147.79
"Arkansas Elec Coop","ONPEAK",1008,38280.375,7854.375,-30426.0
"Arkansas Elec Coop","ONPEAK",1008,-524.643,-1216.384,-691.741
"Arkansas Elec Coop","ONPEAK",1008,292.608,-2036.736,-2329.344
"Arkansas Elec Coop","ONPEAK",1008,3640.968,-217.728,-3858.696
"Arkansas Elec Coop","ONPEAK",1008,136853.7,31771.393,-105082.305
"Arkansas Elec Coop","ONPEAK",1008,15428.602,160.55498,-15268.047
"Arkansas Elec Coop","ONPEAK",1008,17156.195,-487.15198,-17643.348
"Arkansas Elec Coop","ONPEAK",1008,6436.95,-1174.1,-7611.05
"Arkansas Elec Coop","ONPEAK",1008,7957.752,1382.436,-6575.316
"Arkansas Elec Coop","ONPEAK",1008,5946.528,879.69,-5066.838
"Arkansas Elec Coop","ONPEAK",1008,515.916,-961.792,-1477.708
"Arkansas Elec Coop","OFFPEAK",424,-0.22,2058.54,2058.76
"Arkansas Elec Coop","OFFPEAK",424,-1964.144,5235.9062,7200.0503
"Arkansas Elec Coop","OFFPEAK",424,-4536.75,4921.782,9458.532
"Arkansas Elec Coop","OFFPEAK",424,-2262.612,3023.56,5286.172
"Arkansas Elec Coop","OFFPEAK",424,-6311.153,1159.8151,7470.9683
"Arkansas Elec Coop","OFFPEAK",424,-16.144,18.328,34.472
"Arkansas Elec Coop","OFFPEAK",1176,-0.02,-282.80002,-282.78
"Arkansas Elec Coop","OFFPEAK",1176,-0.112,3140.704,3140.816
"Ameren","ONPEAK",1008,14403.471,15439.434,1035.963
"Arkansas Elec Coop","OFFPEAK",1176,-0.66,18507.72,18508.38
"Arkansas Elec Coop","OFFPEAK",1176,-779.154,-834.26,-55.106014
"Arkansas Elec Coop","OFFPEAK",1176,-0.583,16348.486,16349.069
"Arkansas Elec Coop","OFFPEAK",1176,-1.129,71270.38,71271.51
"Arkansas Elec Coop","ONPEAK",320,-41002.734,-16163.171,24839.562
"Arkansas Elec Coop","ONPEAK",320,-9793.986,-2672.715,7121.271
"Arkansas Elec Coop","ONPEAK",320,-7005.306,-2709.399,4295.907
"Arkansas Elec Coop","ONPEAK",320,-3526.017,-450.288,3075.729
"Arkansas Elec Coop","ONPEAK",320,-1523.95,-341.62,1182.33
"Arkansas Elec Coop","ONPEAK",320,-2522.4,-565.44,1956.96
"AEP Energy Partners","OFFPEAK",424,1468.96,1985.18,516.22
"AEP Energy Partners","OFFPEAK",424,-33058.895,12197.952,45256.848
"AEP Energy Partners","OFFPEAK",424,0.0,0.0,0.0
"AEP Energy Partners","ONPEAK",320,968.12,1126.9,158.78
"AEP Energy Partners","ONPEAK",320,406.28,866.3,460.02
"AEP Energy Partners","ONPEAK",320,777.25,448.8,-328.45
"AEP Energy Partners","ONPEAK",320,1519.2,3260.56,1741.36
"AEP Energy Partners","ONPEAK",320,-16.44,-1065.28,-1048.84
"AEP Energy Partners","ONPEAK",320,2081.222,486.954,-1594.268
"AEP Energy Partners","ONPEAK",320,0.0,0.0,0.0
"AEP Svc","OFFPEAK",1176,14691.96,3514.64,-11177.32
"AEP Svc","OFFPEAK",1176,5726.487,3426.774,-2299.713
"AEP Svc","OFFPEAK",1176,4392.61,3338.908,-1053.702
"AEP Svc","OFFPEAK",1176,66942.32,24052.258,-42890.066
"AEP Svc","OFFPEAK",1176,55687.5,23835.57,-31851.93
"AEP Svc","OFFPEAK",1176,82515.89,24268.943,-58246.945
"AEP Svc","OFFPEAK",1176,12568.549,10433.374,-2135.175
"AEP Svc","OFFPEAK",1176,11228.976,10220.448,-1008.528
"AEP Svc","OFFPEAK",1176,8450.292,9794.596,1344.304
"AEP Svc","OFFPEAK",1176,1324.92,-380.55,-1705.47
"AEP Svc","OFFPEAK",1176,1221.108,-456.66,-1677.768
"AEP Svc","OFFPEAK",1176,1189.572,-456.66,-1646.232
"AEP Svc","ONPEAK",1008,-1340.016,-2476.08,-1136.064
"AEP Svc","ONPEAK",1008,-841.488,-2476.08,-1634.592
"AEP Svc","ONPEAK",1008,-556.515,-2321.325,-1764.81
"AEP Svc","ONPEAK",1008,9413.144,6356.272,-3056.872
"AEP Svc","ONPEAK",1008,7470.837,6234.036,-1236.801
"AEP Svc","ONPEAK",1008,18071.508,6356.272,-11715.236
"AEP Svc","ONPEAK",1008,61616.348,19386.576,-42229.77
"AEP Svc","ONPEAK",1008,34714.816,18799.104,-15915.712
"AEP Svc","ONPEAK",1008,46089.28,18799.104,-27290.176
"AEP Svc","ONPEAK",1008,-15591.512,-14461.872,1129.64
"AEP Svc","ONPEAK",1008,-55656.434,-36387.938,19268.496
"AEP Svc","OFFPEAK",1176,-11462.913,-10433.374,1029.539
"AEP Svc","OFFPEAK",1176,-1589.904,456.66,2046.564
"AEP Svc","OFFPEAK",1176,-1221.108,456.66,1677.768
"AEP Svc","ONPEAK",1008,841.488,2476.08,1634.592
"AEP Svc","ONPEAK",1008,593.616,2476.08,1882.464
"Alliant Energy","OFFPEAK",424,-8333.83,-1239.948,7093.882
"Alliant Energy","OFFPEAK",1176,402.815,-766.29,-1169.105
"Alliant Energy","OFFPEAK",1176,1392.372,-788.184,-2180.556
"Alliant Energy","OFFPEAK",1176,919.332,-788.184,-1707.516
"Alliant Energy","OFFPEAK",1176,11445.284,5247.747,-6197.537
"Alliant Energy","OFFPEAK",1176,-1650.384,5239.404,6889.788
"Alliant Energy","OFFPEAK",1176,-1241.017,5247.747,6488.764
"Alliant Energy","OFFPEAK",1176,4056.234,6657.714,2601.48
"Alliant Energy","OFFPEAK",1176,23904.889,6657.714,-17247.174
"Alliant Energy","OFFPEAK",1176,427.192,6649.371,6222.1787
"Alliant Energy","OFFPEAK",1176,9915.068,-2383.128,-12298.196
"Alliant Energy","OFFPEAK",1176,5961.124,-2383.128,-8344.252
"Alliant Energy","OFFPEAK",1176,2689.22,-2383.128,-5072.348
"Alliant Energy","OFFPEAK",1176,20126.5,-6411.0,-26537.5
"Alliant Energy","OFFPEAK",1176,12592.5,-6411.0,-19003.5
"Alliant Energy","OFFPEAK",1176,5682.5,-6411.0,-12093.5
"Alliant Energy","OFFPEAK",1176,10353.515,-11681.753,-22035.268
"Alliant Energy","OFFPEAK",1176,22993.904,-11707.399,-34701.305
"Alliant Energy","OFFPEAK",1176,32430.674,-11707.399,-44138.074
"Alliant Energy","OFFPEAK",1176,87.4,-40.375,-127.775
"Alliant Energy","OFFPEAK",1176,-147.408,-38.760002,108.647995
"Alliant Energy","OFFPEAK",1176,12.888,-38.760002,-51.648003
"Alliant Energy","OFFPEAK",1176,-243.264,407.512,650.776
"Alliant Energy","OFFPEAK",1176,1198.736,407.512,-791.224
"Alliant Energy","OFFPEAK",1176,-106.002,392.95798,498.96
"Alliant Energy","OFFPEAK",1176,6734.481,-3953.248,-10687.7295
"Alliant Energy","OFFPEAK",1176,4331.301,-3953.248,-8284.549
"Alliant Energy","OFFPEAK",1176,1939.782,-3953.248,-5893.0303
"Alliant Energy","OFFPEAK",1176,285606.72,91664.11,-193942.61
"Alliant Energy","OFFPEAK",1176,37696.027,14265.139,-23430.889
"Alliant Energy","OFFPEAK",1176,1859.625,707.865,-1151.76
"Alliant Energy","OFFPEAK",1176,2194.49,707.865,-1486.625
"Alliant Energy","OFFPEAK",1176,1346.548,566.292,-780.256
"Alliant Energy","OFFPEAK",1176,-36326.535,-64938.31,-28611.773
"Alliant Energy","OFFPEAK",1176,-27453.066,-64938.31,-37485.242
"Alliant Energy","OFFPEAK",1176,-64283.645,-65088.28,-804.63605
"Alliant Energy","OFFPEAK",1176,4297.202,1015.456,-3281.746
"Alliant Energy","OFFPEAK",1176,5712.694,1015.456,-4697.238
"Alliant Energy","OFFPEAK",1176,3523.356,937.344,-2586.012
"Alliant Energy","OFFPEAK",1176,15882.076,8261.89,-7620.186
"Alliant Energy","OFFPEAK",1176,13459.968,8093.28,-5366.688
"Alliant Energy","OFFPEAK",1176,12888.768,8093.28,-4795.488
"Alliant Energy","OFFPEAK",1176,13459.968,8093.28,-5366.688
"Alliant Energy","OFFPEAK",1176,15882.076,8261.89,-7620.186
"Alliant Energy","OFFPEAK",1176,12888.768,8093.28,-4795.488
"Alliant Energy","OFFPEAK",1176,1309.472,612.484,-696.988
"Alliant Energy","OFFPEAK",1176,804.66,459.363,-345.297
"Alliant Energy","OFFPEAK",1176,847.332,459.363,-387.969
"Alliant Energy","OFFPEAK",1176,10636.704,3816.304,-6820.4
"Alliant Energy","OFFPEAK",1176,12195.936,4054.823,-8141.113
"Alliant Energy","OFFPEAK",1176,10626.272,3816.304,-6809.968
"Alliant Energy","OFFPEAK",1176,3015.259,634.114,-2381.145
"Alliant Energy","OFFPEAK",1176,2480.316,585.336,-1894.98
"Alliant Energy","OFFPEAK",1176,3772.902,682.892,-3090.01
"Alliant Energy","OFFPEAK",1176,2571.6,847.416,-1724.184
"Alliant Energy","OFFPEAK",1176,2660.796,847.416,-1813.38
"Alliant Energy","OFFPEAK",1176,3302.112,847.416,-2454.696
"Alliant Energy","OFFPEAK",1176,301151.7,71069.55,-230082.16
"Alliant Energy","OFFPEAK",1176,394537.75,71410.99,-323126.75
"Alliant Energy","OFFPEAK",1176,338172.9,71118.33,-267054.56
"Alliant Energy","OFFPEAK",1176,1654.125,715.54,-938.585
"Alliant Energy","OFFPEAK",1176,1067.368,572.432,-494.936
"Alliant Energy","OFFPEAK",1176,1383.14,715.54,-667.6
"Alliant Energy","OFFPEAK",1176,6909.496,9680.968,2771.472
"Alliant Energy","OFFPEAK",1176,9334.952,9680.968,346.01602
"Alliant Energy","OFFPEAK",1176,10954.832,9790.9795,-1163.853
"Alliant Energy","OFFPEAK",1176,121299.34,46804.61,-74494.734
"Alliant Energy","OFFPEAK",1176,201797.58,47006.35,-154791.22
"Alliant Energy","OFFPEAK",1176,152204.92,47006.35,-105198.57
"Alliant Energy","OFFPEAK",1176,228499.67,53865.65,-174634.02
"Alliant Energy","OFFPEAK",1176,172023.62,53764.777,-118258.84
"Alliant Energy","OFFPEAK",1176,139337.39,53764.777,-85572.62
"Alliant Energy","OFFPEAK",1176,510.28,51.664,-458.616
"Alliant Energy","OFFPEAK",1176,517.909,45.206,-472.703
"Alliant Energy","OFFPEAK",1176,462.119,45.206,-416.913
"Alliant Energy","OFFPEAK",1176,-21143.383,11188.32,32331.701
"Alliant Energy","OFFPEAK",1176,-37875.145,11256.96,49132.105
"Alliant Energy","OFFPEAK",1176,-27840.64,11256.96,39097.6
"Alliant Energy","OFFPEAK",1176,6187.62,2009.14,-4178.48
"Alliant Energy","OFFPEAK",1176,5758.64,2009.14,-3749.5
"Alliant Energy","OFFPEAK",1176,8046.34,2009.14,-6037.2
"Alliant Energy","OFFPEAK",1176,18296.389,24929.639,6633.249
"Alliant Energy","OFFPEAK",1176,14725.63,24929.639,10204.008
"Alliant Energy","OFFPEAK",1176,13526.532,24255.863,10729.332
"Alliant Energy","OFFPEAK",1176,344064.44,106846.98,-237217.45
"Alliant Energy","OFFPEAK",1176,438130.25,106846.98,-331283.25
"Alliant Energy","OFFPEAK",1176,272319.22,106619.65,-165699.58
"Alliant Energy","OFFPEAK",1176,4460.421,1634.29,-2826.131
"Alliant Energy","OFFPEAK",1176,2872.191,1634.29,-1237.901
"Alliant Energy","OFFPEAK",1176,3640.518,1634.29,-2006.228
"Alliant Energy","OFFPEAK",1176,9655.608,2410.968,-7244.64
"Alliant Energy","OFFPEAK",1176,6806.382,2210.054,-4596.328
"Alliant Energy","OFFPEAK",1176,6334.504,2210.054,-4124.45
"Alliant Energy","OFFPEAK",1176,8637.96,3013.71,-5624.25
"Alliant Energy","OFFPEAK",1176,9281.43,3013.71,-6267.72
"Alliant Energy","OFFPEAK",1176,12069.51,3013.71,-9055.8
"Alliant Energy","OFFPEAK",1176,30313.828,30256.135,-57.69402
"Alliant Energy","OFFPEAK",1176,33199.438,30256.135,-2943.304
"Alliant Energy","OFFPEAK",1176,41098.773,31253.59,-9845.184
"Alliant Energy","OFFPEAK",1176,4702.306,1204.357,-3497.949
"Alliant Energy","OFFPEAK",1176,4125.912,1204.357,-2921.555
"Alliant Energy","OFFPEAK",1176,4289.292,1204.357,-3084.935
"Alliant Energy","OFFPEAK",1176,858.95,489.155,-369.795
"Alliant Energy","OFFPEAK",1176,590.332,391.324,-199.008
"Alliant Energy","OFFPEAK",1176,1038.79,489.155,-549.635
"Alliant Energy","OFFPEAK",1176,373.408,-579.328,-952.736
"Alliant Energy","OFFPEAK",1176,1138.533,-597.432,-1735.965
"Alliant Energy","OFFPEAK",1176,1431.804,-597.432,-2029.236
"Alliant Energy","ONPEAK",320,-919.248,-7469.088,-6549.84
"Alliant Energy","ONPEAK",1008,15967.796,21251.127,5283.33
"Alliant Energy","ONPEAK",1008,5566.184,21251.127,15684.942
"Alliant Energy","ONPEAK",1008,4521.081,21215.59,16694.508
"Alliant Energy","ONPEAK",1008,7083.388,27043.656,19960.27
"Alliant Energy","ONPEAK",1008,20320.223,27043.656,6723.435
"Alliant Energy","ONPEAK",1008,5755.48,27008.121,21252.64
"Alliant Energy","ONPEAK",1008,26109.729,12426.236,-13683.492
"Alliant Energy","ONPEAK",1008,42217.85,12446.022,-29771.828
"Alliant Energy","ONPEAK",1008,35607.69,12446.022,-23161.668
"Alliant Energy","ONPEAK",1008,34783.473,15771.036,-19012.436
"Alliant Energy","ONPEAK",1008,53854.625,15790.824,-38063.8
"Alliant Energy","ONPEAK",1008,40386.78,15790.824,-24595.957
"Alliant Energy","ONPEAK",1008,8188.492,8049.724,-138.768
"Alliant Energy","ONPEAK",1008,10961.964,8049.724,-2912.24
"Alliant Energy","ONPEAK",1008,14699.496,8049.724,-6649.772
"Alliant Energy","ONPEAK",1008,32549.0,17916.5,-14632.5
"Alliant Energy","ONPEAK",1008,17888.5,17916.5,27.999872
"Alliant Energy","ONPEAK",1008,21439.0,17916.5,-3522.5002
"Alliant Energy","ONPEAK",1008,33630.38,33683.02,52.63976
"Alliant Energy","ONPEAK",1008,54872.44,33754.688,-21117.756
"Alliant Energy","ONPEAK",1008,43707.566,33718.85,-9988.715
"Alliant Energy","ONPEAK",1008,-353.136,-81.624,271.512
"Alliant Energy","ONPEAK",1008,-344.325,-85.025,259.3
"Alliant Energy","ONPEAK",1008,-332.136,-81.624,250.512
"Alliant Energy","ONPEAK",1008,666.176,819.672,153.496
"Alliant Energy","ONPEAK",1008,611.968,819.672,207.704
"Alliant Energy","ONPEAK",1008,260.928,790.398,529.47
"Alliant Energy","ONPEAK",1008,263.58,4991.598,4728.018
"Alliant Energy","ONPEAK",1008,2917.749,5027.769,2110.02
"Alliant Energy","ONPEAK",1008,1116.309,5027.769,3911.46
"Alliant Energy","ONPEAK",1008,667.08,6149.07,5481.9897
"Alliant Energy","ONPEAK",1008,323.128,6112.899,5789.771
"Alliant Energy","ONPEAK",1008,3577.31,6149.07,2571.76
"Alliant Energy","ONPEAK",1008,2532.579,-619.67804,-3152.257
"Alliant Energy","ONPEAK",1008,3286.136,-619.67804,-3905.814
"Alliant Energy","ONPEAK",1008,4157.719,-619.67804,-4777.397
"Alliant Energy","ONPEAK",1008,5675.418,-1388.676,-7064.094
"Alliant Energy","ONPEAK",1008,7403.704,-1396.142,-8799.846
"Alliant Energy","ONPEAK",1008,9367.391,-1396.142,-10763.533
"Alliant Energy","ONPEAK",1008,243453.1,94371.2,-149081.9
"Alliant Energy","ONPEAK",1008,51506.1,25737.6,-25768.5
"Alliant Energy","ONPEAK",1008,37147.363,-52672.656,-89820.02
"Alliant Energy","ONPEAK",1008,14227.828,-52672.656,-66900.484
"Alliant Energy","ONPEAK",1008,10166.454,-52672.656,-62839.113
"Alliant Energy","ONPEAK",1008,4518.198,1632.825,-2885.373
"Alliant Energy","ONPEAK",1008,6439.48,1814.25,-4625.23
"Alliant Energy","ONPEAK",1008,3742.308,1632.825,-2109.483
"Alliant Energy","ONPEAK",1008,52571.86,23555.25,-29016.61
"Alliant Energy","ONPEAK",1008,41677.438,23307.3,-18370.139
"Alliant Energy","ONPEAK",1008,35162.676,23307.3,-11855.374
"Alliant Energy","ONPEAK",1008,41677.438,23307.3,-18370.139
"Alliant Energy","ONPEAK",1008,52571.86,23555.25,-29016.61
"Alliant Energy","ONPEAK",1008,35162.676,23307.3,-11855.374
"Alliant Energy","ONPEAK",1008,2676.3,1420.98,-1255.32
"Alliant Energy","ONPEAK",1008,1876.45,1184.15,-692.3
"Alliant Energy","ONPEAK",1008,3355.086,1420.98,-1934.106
"Alliant Energy","ONPEAK",1008,2652.765,721.887,-1930.878
"Alliant Energy","ONPEAK",1008,2341.266,721.887,-1619.379
"Alliant Energy","ONPEAK",1008,1483.792,481.258,-1002.534
"Alliant Energy","ONPEAK",1008,3077.438,799.812,-2277.626
"Alliant Energy","ONPEAK",1008,3052.824,738.288,-2314.536
"Alliant Energy","ONPEAK",1008,3078.336,738.288,-2340.048
"Alliant Energy","ONPEAK",1008,2597.912,1561.476,-1036.436
"Alliant Energy","ONPEAK",1008,1708.248,1171.107,-537.141
"Alliant Energy","ONPEAK",1008,2890.696,1561.476,-1329.22
"Alliant Energy","ONPEAK",1008,320290.28,83241.97,-237048.31
"Alliant Energy","ONPEAK",1008,342933.9,82934.35,-259999.55
"Alliant Energy","ONPEAK",1008,346569.3,83118.92,-263450.4
"Alliant Energy","ONPEAK",1008,3957.457,1675.394,-2282.063
"Alliant Energy","ONPEAK",1008,2636.123,1675.394,-960.729
"Alliant Energy","ONPEAK",1008,3142.279,1675.394,-1466.885
"Alliant Energy","ONPEAK",1008,14330.033,11568.623,-2761.41
"Alliant Energy","ONPEAK",1008,16551.527,11568.623,-4982.905
"Alliant Energy","ONPEAK",1008,17315.627,11568.623,-5747.003
"Alliant Energy","ONPEAK",1008,276252.03,75665.5,-200586.53
"Alliant Energy","ONPEAK",1008,230325.62,75489.94,-154835.69
"Alliant Energy","ONPEAK",1008,191129.81,75138.82,-115990.99
"Alliant Energy","ONPEAK",1008,219021.67,86023.42,-132998.25
"Alliant Energy","ONPEAK",1008,272755.7,86550.09,-186205.61
"Alliant Energy","ONPEAK",1008,315782.78,86550.09,-229232.67
"Alliant Energy","ONPEAK",1008,1349.99,-193.06999,-1543.06
"Alliant Energy","ONPEAK",1008,1460.6,-193.06999,-1653.67
"Alliant Energy","ONPEAK",1008,1317.7,-193.06999,-1510.77
"Alliant Energy","ONPEAK",1008,-124599.914,43713.13,168313.05
"Alliant Energy","ONPEAK",1008,-69156.04,43647.79,112803.82
"Alliant Energy","ONPEAK",1008,-98296.2,43647.79,141943.98
"Alliant Energy","ONPEAK",1008,7429.212,-7207.65,-14636.862
"Alliant Energy","ONPEAK",1008,10283.902,-7608.075,-17891.977
"Alliant Energy","ONPEAK",1008,5737.896,-7207.65,-12945.546
"Alliant Energy","ONPEAK",1008,24573.4,39256.16,14682.76
"Alliant Energy","ONPEAK",1008,21085.701,38274.758,17189.055
"Alliant Energy","ONPEAK",1008,27698.32,39256.16,11557.84
"Alliant Energy","ONPEAK",1008,58489.066,16340.152,-42148.918
"Alliant Energy","ONPEAK",1008,290079.2,91160.85,-198918.33
"Alliant Energy","ONPEAK",1008,443846.97,165596.16,-278250.8
"Alliant Energy","ONPEAK",1008,530413.3,165596.16,-364817.16
"Alliant Energy","ONPEAK",1008,597633.75,165810.94,-431822.84
"Alliant Energy","ONPEAK",1008,2600.505,1982.965,-617.54
"Alliant Energy","ONPEAK",1008,3543.025,1982.965,-1560.06
"Alliant Energy","ONPEAK",1008,4046.54,1982.965,-2063.575
"Alliant Energy","ONPEAK",1008,11475.792,-14415.3,-25891.092
"Alliant Energy","ONPEAK",1008,20567.805,-15216.15,-35783.953
"Alliant Energy","ONPEAK",1008,14858.424,-14415.3,-29273.725
"Alliant Energy","ONPEAK",1008,15301.056,-19220.4,-34521.457
"Alliant Energy","ONPEAK",1008,20223.967,-19620.824,-39844.79
"Alliant Energy","ONPEAK",1008,26521.643,-19620.824,-46142.47
"Alliant Energy","ONPEAK",1008,11384.674,1905.54,-9479.134
"Alliant Energy","ONPEAK",1008,9715.566,1905.54,-7810.026
"Alliant Energy","ONPEAK",1008,9035.18,1905.54,-7129.64
"Alliant Energy","OFFPEAK",424,-8798.31,-5288.585,3509.725
"Alliant Energy","OFFPEAK",424,-8798.31,-5288.585,3509.725
"Alliant Energy","OFFPEAK",424,-1454.898,1209.3,2664.198
"Alliant Energy","OFFPEAK",424,-32420.5,-13445.6,18974.9
"Alliant Energy","OFFPEAK",424,-32466.814,-13464.808,19002.008
"Alliant Energy","OFFPEAK",424,-16846.39,-13134.77,3711.62
"Alliant Energy","OFFPEAK",424,-2153.984,-1921.976,232.008
"Alliant Energy","OFFPEAK",424,-1865.724,-1040.004,825.72
"Alliant Energy","OFFPEAK",424,-2892.024,-1617.408,1274.616
"Alliant Energy","ONPEAK",320,-1217.824,-5281.088,-4063.264
"Ameren","OFFPEAK",1176,-37.61,33.506,71.116
"Ameren","OFFPEAK",1176,257.569,-343.932,-601.501
"Ameren","OFFPEAK",1176,257.569,-343.932,-601.501
"Ameren","OFFPEAK",1176,257.864,-343.932,-601.796
"Ameren","OFFPEAK",1176,257.864,-343.932,-601.796
"Ameren","OFFPEAK",1176,257.569,-343.932,-601.501
"Ameren","OFFPEAK",1176,75537.9,38594.88,-36943.02
"Ameren","OFFPEAK",1176,76237.93,37236.91,-39001.02
"Ameren","OFFPEAK",1176,69661.51,37379.855,-32281.652
"Ameren","OFFPEAK",1176,49752.2,24300.48,-25451.72
"Ameren","OFFPEAK",1176,50218.715,25658.447,-24560.268
"Ameren","OFFPEAK",1176,45952.62,24657.84,-21294.78
"Ameren","OFFPEAK",1176,71126.664,38166.047,-32960.617
"Ameren","OFFPEAK",1176,77076.63,39381.07,-37695.562
"Ameren","OFFPEAK",1176,77701.23,37951.633,-39749.598
"Ameren","OFFPEAK",1176,11321.556,12635.808,1314.252
"Ameren","OFFPEAK",1176,10599.296,12537.856,1938.56
"Ameren","OFFPEAK",1176,14461.252,12146.048,-2315.204
"Ameren","OFFPEAK",1176,2708.706,4343.976,1635.27
"Ameren","OFFPEAK",1176,2549.083,4447.404,1898.321
"Ameren","OFFPEAK",1176,3164.91,4343.976,1179.066
"Ameren","OFFPEAK",1176,119.259,139.656,20.397
"Ameren","OFFPEAK",1176,914.157,48.045002,-866.112
"Ameren","OFFPEAK",1176,871.524,48.045002,-823.479
"Ameren","OFFPEAK",1176,1496.024,64.060005,-1431.964
"Ameren","OFFPEAK",1176,2540.349,86.112,-2454.237
"Ameren","OFFPEAK",1176,2629.638,86.112,-2543.5261
"Ameren","OFFPEAK",1176,3035.41,95.68,-2939.73
"Ameren","OFFPEAK",1176,3646.85,5189.9,1543.05
"Ameren","OFFPEAK",1176,2752.412,5397.496,2645.084
"Ameren","OFFPEAK",1176,3010.8,5189.9,2179.1
"Ameren","OFFPEAK",1176,100.206,140.766,40.559998
"Ameren","OFFPEAK",1176,1470.62,65.54,-1405.08
"Ameren","OFFPEAK",1176,1201.764,65.54,-1136.224
"Ameren","OFFPEAK",1176,864.27,49.155003,-815.115
"Ameren","OFFPEAK",1176,2518.587,89.44199,-2429.145
"Ameren","OFFPEAK",1176,2971.91,99.38,-2872.53
"Ameren","OFFPEAK",1176,2591.145,89.44199,-2501.7031
"Ameren","OFFPEAK",1176,1092.72,-2775.624,-3868.344
"Ameren","OFFPEAK",1176,827.395,-2313.02,-3140.415
"Ameren","OFFPEAK",1176,699.685,-2313.02,-3012.705
"Ameren","OFFPEAK",1176,3730.896,-1816.776,-5547.672
"Ameren","OFFPEAK",1176,3077.646,-1816.776,-4894.422
"Ameren","OFFPEAK",1176,3657.81,-1816.776,-5474.586
"Ameren","OFFPEAK",1176,12000.548,-5443.88,-17444.428
"Ameren","OFFPEAK",1176,14655.6,-5631.6,-20287.2
"Ameren","OFFPEAK",1176,13661.34,-5631.6,-19292.94
"Ameren","OFFPEAK",1176,130625.95,22683.15,-107942.8
"Ameren","OFFPEAK",1176,90732.3,22877.576,-67854.72
"Ameren","OFFPEAK",1176,95676.0,23136.812,-72539.19
"Ameren","OFFPEAK",1176,82004.21,57537.48,-24466.729
"Ameren","OFFPEAK",1176,89625.54,57537.48,-32088.057
"Ameren","OFFPEAK",1176,93386.36,57738.66,-35647.695
"Ameren","OFFPEAK",1176,33872.375,26923.994,-6948.38
"Ameren","OFFPEAK",1176,33079.62,27446.79,-5632.83
"Ameren","OFFPEAK",1176,26610.408,25878.402,-732.0061
"Ameren","OFFPEAK",1176,827.958,442.938,-385.02
"Ameren","OFFPEAK",1176,130.591,73.823,-56.768
"Ameren","OFFPEAK",1176,242.254,147.646,-94.608
"Ameren","OFFPEAK",1176,3641.886,389.574,-3252.312
"Ameren","OFFPEAK",1176,5194.717,476.146,-4718.571
"Ameren","OFFPEAK",1176,3145.941,389.574,-2756.367
"Ameren","OFFPEAK",1176,5489.652,515.746,-4973.9062
"Ameren","OFFPEAK",1176,5624.948,515.746,-5109.202
"Ameren","OFFPEAK",1176,4436.926,478.90698,-3958.019
"Ameren","OFFPEAK",1176,40050.008,38948.3,-1101.7062
"Ameren","OFFPEAK",1176,48201.73,39993.895,-8207.838
"Ameren","OFFPEAK",1176,49657.56,39471.098,-10186.46
"Ameren","OFFPEAK",1176,965.951,516.761,-449.19
"Ameren","OFFPEAK",1176,261.182,147.646,-113.536
"Ameren","OFFPEAK",1176,484.508,295.292,-189.216
"Ameren","OFFPEAK",1176,4855.848,519.432,-4336.416
"Ameren","OFFPEAK",1176,5666.964,519.432,-5147.532
"Ameren","OFFPEAK",1176,3845.039,476.146,-3368.893
"Ameren","OFFPEAK",1176,8437.422,773.61896,-7663.803
"Ameren","OFFPEAK",1176,7167.342,773.61896,-6393.723
"Ameren","OFFPEAK",1176,8234.478,773.61896,-7460.859
"Ameren","OFFPEAK",1176,37806.496,-8281.3125,-46087.81
"Ameren","OFFPEAK",1176,24412.236,-8201.684,-32613.92
"Ameren","OFFPEAK",1176,28065.773,-8321.126,-36386.9
"Ameren","OFFPEAK",1176,-1572.858,1159.209,2732.067
"Ameren","OFFPEAK",1176,-561.588,1077.861,1639.449
"Ameren","OFFPEAK",1176,-2305.26,1098.198,3403.458
"Ameren","OFFPEAK",1176,-2759.4,2033.7001,4793.1
"Ameren","OFFPEAK",1176,-1013.684,1945.573,2959.257
"Ameren","OFFPEAK",1176,-4140.93,1972.689,6113.619
"Ameren","OFFPEAK",1176,-2095.838,2030.0548,4125.893
"Ameren","OFFPEAK",1176,-101.75,1971.9149,2073.6648
"Ameren","OFFPEAK",1176,-10455.267,1981.6049,12436.872
"Ameren","OFFPEAK",1176,561.978,-62.489998,-624.468
"Ameren","OFFPEAK",1176,412.4,-62.489998,-474.88998
"Ameren","OFFPEAK",1176,210.544,-62.489998,-273.034
"Ameren","OFFPEAK",1176,210.544,-62.489998,-273.034
"Ameren","OFFPEAK",1176,561.978,-62.489998,-624.468
"Ameren","OFFPEAK",1176,412.4,-62.489998,-474.88998
"Ameren","OFFPEAK",1176,-8287.938,-83989.305,-75701.37
"Ameren","OFFPEAK",1176,-14675.868,-81466.66,-66790.79
"Ameren","OFFPEAK",1176,-166.551,-79982.75,-79816.195
"Ameren","OFFPEAK",1176,12661.872,-1775.232,-14437.1045
"Ameren","OFFPEAK",1176,13007.568,-1775.232,-14782.8
"Ameren","OFFPEAK",1176,9692.706,-1701.264,-11393.97
"Ameren","OFFPEAK",1176,3971.496,-11102.472,-15073.968
"Ameren","OFFPEAK",1176,3358.488,-11102.472,-14460.96
"Ameren","OFFPEAK",1176,4553.0,-11565.075,-16118.075
"Ameren","OFFPEAK",1176,3358.488,-11102.472,-14460.96
"Ameren","OFFPEAK",1176,3971.496,-11102.472,-15073.968
"Ameren","OFFPEAK",1176,4553.0,-11565.075,-16118.075
"Ameren","OFFPEAK",1176,79876.16,49729.887,-30146.271
"Ameren","OFFPEAK",1176,73187.61,52359.832,-20827.775
"Ameren","OFFPEAK",1176,72155.49,49012.63,-23142.86
"Ameren","OFFPEAK",1176,516.555,188.00099,-328.554
"Ameren","OFFPEAK",1176,1032.962,438.669,-594.293
"Ameren","OFFPEAK",1176,594.828,250.668,-344.16
"Ameren","OFFPEAK",1176,7347.995,546.21,-6801.785
"Ameren","OFFPEAK",1176,8190.94,546.21,-7644.73
"Ameren","OFFPEAK",1176,5476.002,449.82,-5026.182
"Ameren","OFFPEAK",1176,1073.961,-415.872,-1489.833
"Ameren","OFFPEAK",1176,792.575,-323.456,-1116.031
"Ameren","OFFPEAK",1176,1040.664,-369.664,-1410.328
"Ameren","OFFPEAK",1176,71979.5,48893.086,-23086.414
"Ameren","OFFPEAK",1176,79684.15,49610.344,-30073.805
"Ameren","OFFPEAK",1176,73187.61,52359.832,-20827.775
"Ameren","OFFPEAK",1176,516.555,188.00099,-328.554
"Ameren","OFFPEAK",1176,594.828,250.668,-344.16
"Ameren","OFFPEAK",1176,1032.962,438.669,-594.293
"Ameren","OFFPEAK",1176,4693.716,385.56,-4308.156
"Ameren","OFFPEAK",1176,6263.66,417.69,-5845.97
"Ameren","OFFPEAK",1176,5619.055,417.69,-5201.365
"Ameren","OFFPEAK",1176,1193.29,-462.08,-1655.37
"Ameren","OFFPEAK",1176,1040.664,-369.664,-1410.328
"Ameren","OFFPEAK",1176,679.35,-277.248,-956.598
"Ameren","OFFPEAK",1176,793.959,-1018.659,-1812.618
"Ameren","OFFPEAK",1176,296.02,256.206,-39.814
"Ameren","OFFPEAK",1176,655.56,512.412,-143.148
"Ameren","OFFPEAK",1176,349.096,256.206,-92.89
"Ameren","OFFPEAK",1176,7321.952,5095.5938,-2226.358
"Ameren","OFFPEAK",1176,7499.018,4849.033,-2649.985
"Ameren","OFFPEAK",1176,6298.25,5013.407,-1284.843
"Ameren","OFFPEAK",1176,20944.379,15195.544,-5748.834
"Ameren","OFFPEAK",1176,17220.424,14110.148,-3110.2761
"Ameren","OFFPEAK",1176,19915.7,13442.212,-6473.4883
"Ameren","OFFPEAK",1176,34636.0,23377.76,-11258.24
"Ameren","OFFPEAK",1176,34293.543,24880.615,-9412.926
"Ameren","OFFPEAK",1176,29040.36,23795.22,-5245.14
"Ameren","OFFPEAK",1176,164.89,-3.311,-168.201
"Ameren","OFFPEAK",1176,164.569,-19.476,-184.045
"Ameren","OFFPEAK",1176,9.171,-69.945,-79.116
"Ameren","OFFPEAK",1176,9.171,-69.945,-79.116
"Ameren","OFFPEAK",1176,100.71,-18.619,-119.329
"Ameren","OFFPEAK",1176,88.997,-18.619,-107.616
"Ameren","OFFPEAK",1176,10.396,-18.619,-29.015
"Ameren","OFFPEAK",1176,83.539,-18.639,-102.178
"Ameren","OFFPEAK",1176,10.427,-18.639,-29.066
"Ameren","OFFPEAK",1176,96.503,-18.639,-115.142
"Ameren","OFFPEAK",1176,99.215,-18.652,-117.867
"Ameren","OFFPEAK",1176,77.029,-18.652,-95.681
"Ameren","OFFPEAK",1176,10.339,-18.652,-28.991001
"Ameren","OFFPEAK",1176,166.4,-37.302002,-203.702
"Ameren","OFFPEAK",1176,31737.912,4139.466,-27598.445
"Ameren","OFFPEAK",1176,36308.375,4220.632,-32087.744
"Ameren","OFFPEAK",1176,35917.13,4220.632,-31696.496
"Ameren","OFFPEAK",1176,-6.603,-22.878,-16.275
"Ameren","OFFPEAK",1176,-1.907,-22.878,-20.971
"Ameren","OFFPEAK",1176,-1.907,-22.878,-20.971
"Ameren","OFFPEAK",1176,431.775,82.45,-349.325
"Ameren","OFFPEAK",1176,431.775,82.45,-349.325
"Ameren","OFFPEAK",1176,7039.38,6198.063,-841.317
"Ameren","OFFPEAK",1176,2862.486,5479.447,2616.961
"Ameren","OFFPEAK",1176,4954.998,5209.966,254.96799
"Ameren","OFFPEAK",1176,8897.343,3591.659,-5305.684
"Ameren","OFFPEAK",1176,9321.596,3723.463,-5598.133
"Ameren","OFFPEAK",1176,398.64,3624.6099,3225.97
"Ameren","ONPEAK",1008,-42.268,28.652,70.92
"Ameren","ONPEAK",1008,261.127,-543.783,-804.91
"Ameren","ONPEAK",1008,261.127,-543.783,-804.91
"Ameren","ONPEAK",1008,261.127,-543.783,-804.91
"Ameren","ONPEAK",1008,261.127,-543.783,-804.91
"Ameren","ONPEAK",1008,261.127,-543.783,-804.91
"Ameren","ONPEAK",1008,156418.78,48993.55,-107425.234
"Ameren","ONPEAK",1008,197662.2,49379.33,-148282.88
"Ameren","ONPEAK",1008,214981.53,50343.77,-164637.75
"Ameren","ONPEAK",1008,130101.88,32501.629,-97600.26
"Ameren","ONPEAK",1008,102226.45,32019.408,-70207.05
"Ameren","ONPEAK",1008,142497.33,33369.625,-109127.71
"Ameren","ONPEAK",1008,204997.33,51211.766,-153785.56
"Ameren","ONPEAK",1008,223630.2,52369.094,-171261.11
"Ameren","ONPEAK",1008,162577.02,50922.434,-111654.58
"Ameren","ONPEAK",1008,7796.529,7834.71,38.18099
"Ameren","ONPEAK",1008,8126.157,7834.71,-291.44702
"Ameren","ONPEAK",1008,9918.28,8035.6,-1882.68
"Ameren","ONPEAK",1008,538.107,116.469,-421.638
"Ameren","ONPEAK",1008,1970.979,199.296,-1771.683
"Ameren","ONPEAK",1008,1148.388,132.864,-1015.524
"Ameren","ONPEAK",1008,918.622,132.864,-785.758
"Ameren","ONPEAK",1008,3221.898,477.354,-2744.544
"Ameren","ONPEAK",1008,2403.525,397.795,-2005.73
"Ameren","ONPEAK",1008,2452.95,397.795,-2055.155
"Ameren","ONPEAK",1008,7619.976,7900.815,280.839
"Ameren","ONPEAK",1008,9567.12,8103.4,-1463.72
"Ameren","ONPEAK",1008,7607.184,7900.815,293.63098
"Ameren","ONPEAK",1008,511.77,121.554,-390.216
"Ameren","ONPEAK",1008,1944.642,204.381,-1740.261
"Ameren","ONPEAK",1008,908.912,136.254,-772.658
"Ameren","ONPEAK",1008,1683.645,204.381,-1479.264
"Ameren","ONPEAK",1008,2388.055,406.27,-1981.785
"Ameren","ONPEAK",1008,2379.25,406.27,-1972.98
"Ameren","ONPEAK",1008,3169.224,487.524,-2681.7
"Ameren","ONPEAK",1008,558.74,-1466.738,-2025.478
"Ameren","ONPEAK",1008,454.126,-1466.738,-1920.864
"Ameren","ONPEAK",1008,225.732,-1466.738,-1692.47
"Ameren","ONPEAK",1008,796.8,-3601.21,-4398.01
"Ameren","ONPEAK",1008,717.295,-3601.21,-4318.505
"Ameren","ONPEAK",1008,537.04,-2880.968,-3418.008
"Ameren","ONPEAK",1008,3989.502,-798.996,-4788.498
"Ameren","ONPEAK",1008,3022.272,-871.632,-3893.904
"Ameren","ONPEAK",1008,3989.616,-871.632,-4861.248
"Ameren","ONPEAK",1008,14451.35,-6066.55,-20517.9
"Ameren","ONPEAK",1008,14111.35,-6066.55,-20177.9
"Ameren","ONPEAK",1008,13478.112,-5823.888,-19302.0
"Ameren","ONPEAK",1008,128196.2,9397.022,-118799.19
"Ameren","ONPEAK",1008,132140.45,9338.168,-122802.29
"Ameren","ONPEAK",1008,131318.77,9436.258,-121882.516
"Ameren","ONPEAK",1008,227773.03,152815.52,-74957.51
"Ameren","ONPEAK",1008,305537.03,153113.4,-152423.61
"Ameren","ONPEAK",1008,276795.0,152964.47,-123830.52
"Ameren","ONPEAK",1008,58641.227,48461.426,-10179.804
"Ameren","ONPEAK",1008,47205.387,47273.645,68.25698
"Ameren","ONPEAK",1008,64280.04,49649.203,-14630.836
"Ameren","ONPEAK",1008,214.22,75.489,-138.731
"Ameren","ONPEAK",1008,1672.804,528.423,-1144.381
"Ameren","ONPEAK",1008,172.589,75.489,-97.1
"Ameren","ONPEAK",1008,5879.601,927.882,-4951.719
"Ameren","ONPEAK",1008,3972.896,824.784,-3148.112
"Ameren","ONPEAK",1008,8599.152,1237.176,-7361.976
"Ameren","ONPEAK",1008,5180.06,1162.25,-4017.81
"Ameren","ONPEAK",1008,6266.524,1278.475,-4988.049
"Ameren","ONPEAK",1008,6562.446,1278.475,-5283.971
"Ameren","ONPEAK",1008,87386.93,72217.02,-15169.904
"Ameren","ONPEAK",1008,92708.65,73404.805,-19303.848
"Ameren","ONPEAK",1008,71638.33,71741.914,103.58597
"Ameren","ONPEAK",1008,428.44,150.978,-277.462
"Ameren","ONPEAK",1008,172.589,75.489,-97.1
"Ameren","ONPEAK",1008,1851.52,603.912,-1247.608
"Ameren","ONPEAK",1008,8508.768,1237.176,-7271.592
"Ameren","ONPEAK",1008,4966.12,1030.98,-3935.14
"Ameren","ONPEAK",1008,6532.89,1030.98,-5501.91
"Ameren","ONPEAK",1008,10013.918,1975.825,-8038.093
"Ameren","ONPEAK",1008,9684.628,1975.825,-7708.803
"Ameren","ONPEAK",1008,8288.096,1859.6,-6428.496
"Ameren","ONPEAK",1008,62294.812,-10402.176,-72696.984
"Ameren","ONPEAK",1008,60508.89,-10654.656,-71163.55
"Ameren","ONPEAK",1008,51685.848,-10301.184,-61987.03
"Ameren","ONPEAK",1008,-1461.199,672.274,2133.473
"Ameren","ONPEAK",1008,-1447.515,732.222,2179.737
"Ameren","ONPEAK",1008,-1311.672,702.248,2013.92
"Ameren","ONPEAK",1008,-2615.267,1203.2421,3818.509
"Ameren","ONPEAK",1008,-2556.43,1293.1641,3849.594
"Ameren","ONPEAK",1008,-2319.42,1241.78,3561.2
"Ameren","ONPEAK",1008,-122.451,1445.1361,1567.587
"Ameren","ONPEAK",1008,3622.473,1493.712,-2128.761
"Ameren","ONPEAK",1008,-1850.551,1404.6561,3255.207
"Ameren","ONPEAK",1008,234.283,11.028999,-223.254
"Ameren","ONPEAK",1008,714.32,22.057999,-692.262
"Ameren","ONPEAK",1008,665.25,22.057999,-643.192
"Ameren","ONPEAK",1008,714.32,22.057999,-692.262
"Ameren","ONPEAK",1008,234.283,11.028999,-223.254
"Ameren","ONPEAK",1008,665.25,22.057999,-643.192
"Ameren","ONPEAK",1008,-19662.006,-83776.6,-64114.598
"Ameren","ONPEAK",1008,-22366.3,-86385.03,-64018.73
"Ameren","ONPEAK",1008,-7426.335,-82088.8,-74662.46
"Ameren","ONPEAK",1008,13507.67,1547.968,-11959.702
"Ameren","ONPEAK",1008,13589.332,1547.968,-12041.364
"Ameren","ONPEAK",1008,13125.846,1547.968,-11577.878
"Ameren","ONPEAK",1008,3156.098,-15843.41,-18999.508
"Ameren","ONPEAK",1008,3505.92,-15843.41,-19349.33
"Ameren","ONPEAK",1008,2953.72,-15843.41,-18797.13
"Ameren","ONPEAK",1008,2953.72,-15843.41,-18797.13
"Ameren","ONPEAK",1008,3156.098,-15843.41,-18999.508
"Ameren","ONPEAK",1008,3505.92,-15843.41,-19349.33
"Ameren","ONPEAK",1008,175171.84,100402.805,-74769.03
"Ameren","ONPEAK",1008,178958.61,105798.29,-73160.32
"Ameren","ONPEAK",1008,158763.89,96180.26,-62583.63
"Ameren","ONPEAK",1008,2953.944,652.671,-2301.273
"Ameren","ONPEAK",1008,645.21,145.038,-500.172
"Ameren","ONPEAK",1008,1008.129,217.557,-790.572
"Ameren","ONPEAK",1008,13176.904,1702.176,-11474.728
"Ameren","ONPEAK",1008,9052.792,1401.792,-7651.0
"Ameren","ONPEAK",1008,13699.28,1702.176,-11997.104
"Ameren","ONPEAK",1008,1062.768,-290.948,-1353.716
"Ameren","ONPEAK",1008,1201.14,-415.64,-1616.78
"Ameren","ONPEAK",1008,1053.269,-290.948,-1344.217
"Ameren","ONPEAK",1008,691.508,113.255,-578.253
"Ameren","ONPEAK",1008,685.83,113.255,-572.575
"Ameren","ONPEAK",1008,148695.94,90081.02,-58614.91
"Ameren","ONPEAK",1008,165070.47,97587.77,-67482.69
"Ameren","ONPEAK",1008,163302.72,93599.81,-69702.91
"Ameren","ONPEAK",1008,2953.944,652.671,-2301.273
"Ameren","ONPEAK",1008,645.21,145.038,-500.172
"Ameren","ONPEAK",1008,1008.129,217.557,-790.572
"Ameren","ONPEAK",1008,7759.536,1201.536,-6558.0
"Ameren","ONPEAK",1008,10076.456,1301.664,-8774.792
"Ameren","ONPEAK",1008,10475.92,1301.664,-9174.256
"Ameren","ONPEAK",1008,1201.14,-415.64,-1616.78
"Ameren","ONPEAK",1008,1053.269,-290.948,-1344.217
"Ameren","ONPEAK",1008,1062.768,-290.948,-1353.716
"Ameren","ONPEAK",1008,691.508,113.255,-578.253
"Ameren","ONPEAK",1008,685.83,113.255,-572.575
"Ameren","ONPEAK",1008,802.443,-1606.32,-2408.763
"Ameren","ONPEAK",1008,13694.24,5898.424,-7795.816
"Ameren","ONPEAK",1008,17141.742,6214.411,-10927.331
"Ameren","ONPEAK",1008,15291.36,5898.424,-9392.936
"Ameren","ONPEAK",1008,51160.527,19729.38,-31431.146
"Ameren","ONPEAK",1008,34603.46,16422.78,-18180.682
"Ameren","ONPEAK",1008,43732.547,17855.64,-25876.908
"Ameren","ONPEAK",1008,74237.35,30309.676,-43927.676
"Ameren","ONPEAK",1008,81742.516,31522.062,-50220.457
"Ameren","ONPEAK",1008,62704.26,29758.59,-32945.67
"Ameren","ONPEAK",1008,-2.067,-162.531,-160.464
"Ameren","ONPEAK",1008,-2.067,-162.531,-160.464
"Ameren","ONPEAK",1008,3926.856,2414.856,-1512.0
"Ameren","ONPEAK",1008,2571.204,2414.856,-156.348
"Ameren","ONPEAK",1008,3460.14,2414.856,-1045.284
"Ameren","ONPEAK",1008,340.121,30.868,-309.253
"Ameren","ONPEAK",1008,796.152,61.736,-734.416
"Ameren","ONPEAK",1008,281.82,30.868,-250.952
"Ameren","ONPEAK",1008,40.67,-11.246,-51.916
"Ameren","ONPEAK",1008,272.304,-33.738,-306.042
"Ameren","ONPEAK",1008,18.446,-11.246,-29.692
"Ameren","ONPEAK",1008,2729.818,2614.82,-114.998
"Ameren","ONPEAK",1008,4008.312,2815.96,-1192.352
"Ameren","ONPEAK",1008,4941.87,3017.1,-1924.77
"Ameren","ONPEAK",1008,800.592,61.54,-739.052
"Ameren","ONPEAK",1008,277.539,30.77,-246.769
"Ameren","ONPEAK",1008,338.084,30.77,-307.314
"Ameren","ONPEAK",1008,14.165,-11.344,-25.509
"Ameren","ONPEAK",1008,278.964,-34.032,-312.996
"Ameren","ONPEAK",1008,38.634,-11.344,-49.978
"Ameren","ONPEAK",1008,2808.442,2616.302,-192.14
"Ameren","ONPEAK",1008,4600.946,2817.556,-1783.39
"Ameren","ONPEAK",1008,4033.274,2817.556,-1215.718
"Ameren","ONPEAK",1008,798.956,61.768,-737.188
"Ameren","ONPEAK",1008,339.867,30.884,-308.983
"Ameren","ONPEAK",1008,283.587,30.884,-252.703
"Ameren","ONPEAK",1008,20.213,-11.23,-31.443
"Ameren","ONPEAK",1008,184.338,-22.46,-206.798
"Ameren","ONPEAK",1008,40.417,-11.23,-51.647
"Ameren","ONPEAK",1008,2561.736,2413.104,-148.632
"Ameren","ONPEAK",1008,4151.914,2614.196,-1537.718
"Ameren","ONPEAK",1008,3417.756,2413.104,-1004.652
"Ameren","ONPEAK",1008,1170.648,92.166,-1078.482
"Ameren","ONPEAK",1008,17.657,-11.392,-29.049
"Ameren","ONPEAK",1008,165.816,-22.784,-188.6
"Ameren","ONPEAK",1008,37.139,-11.392,-48.531
"Ameren","ONPEAK",1008,423.038,394.612,-28.426
"Ameren","ONPEAK",1008,526.574,394.612,-131.962
"Ameren","ONPEAK",1008,1025.64,789.224,-236.416
"Ameren","ONPEAK",1008,327.248,26.936,-300.312
"Ameren","ONPEAK",1008,19.94,-15.178,-35.118
"Ameren","ONPEAK",1008,412.198,394.766,-17.432001
"Ameren","ONPEAK",1008,1005.18,789.532,-215.648
"Ameren","ONPEAK",1008,522.238,394.766,-127.472
"Ameren","ONPEAK",1008,322.133,27.013,-295.12
"Ameren","ONPEAK",1008,14.825,-15.101,-29.926
"Ameren","ONPEAK",1008,2051.288,1579.064,-472.224
"Ameren","ONPEAK",1008,1609.338,1184.298,-425.04
"Ameren","ONPEAK",1008,1259.928,1184.298,-75.63
"Ameren","ONPEAK",1008,654.498,54.026,-600.472
"Ameren","ONPEAK",1008,39.882,-30.202,-70.084
"Ameren","ONPEAK",1008,1475.621,1381.142,-94.479004
"Ameren","ONPEAK",1008,2524.8,1973.06,-551.74
"Ameren","ONPEAK",1008,2094.336,1578.448,-515.888
"Ameren","ONPEAK",1008,646.636,53.872,-592.764
"Ameren","ONPEAK",1008,32.02,-30.356,-62.376
"Ameren","ONPEAK",1008,14.118,-15.178,-29.296
"Ameren","ONPEAK",1008,250.397,197.383,-53.014
"Ameren","ONPEAK",1008,259.624,197.383,-62.241
"Ameren","ONPEAK",1008,203.236,197.383,-5.853
"Ameren","ONPEAK",1008,203.236,197.383,-5.853
"Ameren","ONPEAK",1008,250.397,197.383,-53.014
"Ameren","ONPEAK",1008,259.624,197.383,-62.241
"Ameren","ONPEAK",1008,225.58,223.461,-2.1190002
"Ameren","ONPEAK",1008,200.963,150.164,-50.799
"Ameren","ONPEAK",1008,175.664,150.164,-25.5
"Ameren","ONPEAK",1008,175.664,150.164,-25.5
"Ameren","ONPEAK",1008,200.963,150.164,-50.799
"Ameren","ONPEAK",1008,175.664,150.164,-25.5
"Ameren","ONPEAK",1008,200.963,150.164,-50.799
"Ameren","ONPEAK",1008,200.963,150.164,-50.799
"Ameren","ONPEAK",1008,175.664,150.164,-25.5
"Ameren","ONPEAK",1008,200.963,150.164,-50.799
"Ameren","ONPEAK",1008,200.963,150.164,-50.799
"Ameren","ONPEAK",1008,200.963,150.164,-50.799
"Ameren","ONPEAK",1008,200.963,150.164,-50.799
"Ameren","ONPEAK",1008,4935.615,2879.91,-2055.705
"Ameren","ONPEAK",1008,4321.324,2687.916,-1633.408
"Ameren","ONPEAK",1008,3042.858,2495.9219,-546.93604
"Ameren","ONPEAK",1008,301.619,21.624,-279.995
"Ameren","ONPEAK",1008,799.758,43.248,-756.51
"Ameren","ONPEAK",1008,360.442,21.624,-338.818
"Ameren","ONPEAK",1008,38.245,-20.49,-58.735
"Ameren","ONPEAK",1008,60.991,-20.49,-81.481
"Ameren","ONPEAK",1008,277.713,-61.47,-339.183
"Ameren","ONPEAK",1008,4904.1,2879.91,-2024.1901
"Ameren","ONPEAK",1008,3008.239,2495.9219,-512.317
"Ameren","ONPEAK",1008,4237.324,2687.916,-1549.408
"Ameren","ONPEAK",1008,354.442,21.624,-332.818
"Ameren","ONPEAK",1008,795.556,43.248,-752.308
"Ameren","ONPEAK",1008,298.956,21.624,-277.332
"Ameren","ONPEAK",1008,271.41,-61.47,-332.88
"Ameren","ONPEAK",1008,35.582,-20.49,-56.072
"Ameren","ONPEAK",1008,54.991,-20.49,-75.481
"Ameren","ONPEAK",1008,2652.496,2253.9,-398.596
"Ameren","ONPEAK",1008,2764.68,2458.8,-305.88
"Ameren","ONPEAK",1008,2099.812,2253.9,154.088
"Ameren","ONPEAK",1008,292.912,34.53,-258.382
"Ameren","ONPEAK",1008,301.228,34.53,-266.698
"Ameren","ONPEAK",1008,-12.16,-15.168,-3.0080004
"Ameren","ONPEAK",1008,-4.929,-7.584,-2.6550002
"Ameren","ONPEAK",1008,-6.539,-7.584,-1.0450002
"Ameren","ONPEAK",1008,2207.953,2287.12,79.167
"Ameren","ONPEAK",1008,3033.588,2495.04,-538.548
"Ameren","ONPEAK",1008,2896.872,2495.04,-401.832
"Ameren","ONPEAK",1008,312.244,37.55,-274.694
"Ameren","ONPEAK",1008,9.872,-9.128,-19.0
"Ameren","ONPEAK",1008,4.903,-4.564,-9.467
"Ameren","ONPEAK",1008,5.125,-4.564,-9.689
"Ameren","ONPEAK",1008,585.03,551.472,-33.558002
"Ameren","ONPEAK",1008,1044.392,735.296,-309.096
"Ameren","ONPEAK",1008,1016.164,735.296,-280.868
"Ameren","ONPEAK",1008,324.879,13.4539995,-311.425
"Ameren","ONPEAK",1008,17.571,-28.66,-46.231
"Ameren","ONPEAK",1008,585.03,551.472,-33.558002
"Ameren","ONPEAK",1008,1016.164,735.296,-280.868
"Ameren","ONPEAK",1008,1036.384,735.296,-301.088
"Ameren","ONPEAK",1008,324.879,13.4539995,-311.425
"Ameren","ONPEAK",1008,17.571,-28.66,-46.231
"Ameren","ONPEAK",1008,40597.92,8809.416,-31788.504
"Ameren","ONPEAK",1008,43253.71,9076.368,-34177.344
"Ameren","ONPEAK",1008,37648.184,8809.416,-28838.766
"Ameren","ONPEAK",1008,215.133,202.396,-12.737
"Ameren","ONPEAK",1008,421.788,404.792,-16.996
"Ameren","ONPEAK",1008,538.887,607.188,68.301
"Ameren","ONPEAK",1008,645.399,607.188,-38.211
"Ameren","ONPEAK",1008,632.682,607.188,-25.494
"Ameren","ONPEAK",1008,281.732,32.026,-249.706
"Ameren","ONPEAK",1008,-25.576,-10.088,15.488
"Ameren","ONPEAK",1008,632.682,607.188,-25.494
"Ameren","ONPEAK",1008,538.887,607.188,68.301
"Ameren","ONPEAK",1008,645.399,607.188,-38.211
"Ameren","ONPEAK",1008,281.732,32.026,-249.706
"Ameren","ONPEAK",1008,-25.576,-10.088,15.488
"Ameren","ONPEAK",1008,359.258,404.792,45.534
"Ameren","ONPEAK",1008,632.682,607.188,-25.494
"Ameren","ONPEAK",1008,430.266,404.792,-25.474
"Ameren","ONPEAK",1008,281.732,32.026,-249.706
"Ameren","ONPEAK",1008,-25.576,-10.088,15.488
"Ameren","ONPEAK",1008,695.052,152.312,-542.74
"Ameren","ONPEAK",1008,695.052,152.312,-542.74
"Ameren","ONPEAK",1008,19425.5,9126.1,-10299.4
"Ameren","ONPEAK",1008,10865.0,7483.402,-3381.598
"Ameren","ONPEAK",1008,15753.015,8213.49,-7539.525
"Ameren","ONPEAK",1008,37430.875,2393.235,-35037.64
"Ameren","ONPEAK",1008,21840.984,2229.595,-19611.389
"Ameren","ONPEAK",1008,31004.848,2290.96,-28713.889
"Ameren","ONPEAK",1008,256.553,119.426,-137.127
"AMP Ohio","OFFPEAK",424,1038.653,37.408,-1001.245
"AMP Ohio","OFFPEAK",424,3757.936,138.944,-3618.992
"AMP Ohio","OFFPEAK",1176,453840.5,18634.969,-435205.53
"AMP Ohio","OFFPEAK",1176,201060.05,8138.9883,-192921.06
"AMP Ohio","OFFPEAK",1176,104054.414,4898.124,-99156.29
"AMP Ohio","OFFPEAK",1176,-795.225,3497.403,4292.628
"AMP Ohio","OFFPEAK",1176,-1498.0,2534.35,4032.35
"AMP Ohio","OFFPEAK",1176,155938.06,6463.314,-149474.75
"AMP Ohio","OFFPEAK",1176,163744.02,7347.186,-156396.83
"AMP Ohio","ONPEAK",320,27388.361,4518.371,-22869.99
"AMP Ohio","ONPEAK",320,16370.928,2654.148,-13716.78
,,,,,
